CCTV Junction No.,camera_count,location,latitude,longitude,traffic_volume,average_speed,accident_count,pedestrian_density,congestion_level,weather_risk,night_time_risk,officer_present,speed_risk,traffic_volume_norm,accident_count_norm,pedestrian_density_norm,congestion_level_norm,weather_risk_norm,night_time_risk_norm,speed_risk_norm,risk_score,risk_category,risk_reason
1,1,Open place near M.P.Bus Stand,21.144944814261684,79.14849403485849,1119,36,6,37,7,5,3,1,4,0.13600891861761427,0.6666666666666666,0.30337078651685395,0.6666666666666666,1.0,0.6,0.13793103448275862,46.65,MEDIUM,Weather-related risk
2,1,Opposite to old Mores college,21.21408571676919,79.04835307674621,1774,62,3,25,3,4,3,1,22,0.28205128205128205,0.3333333333333333,0.16853932584269662,0.2222222222222222,0.8,0.6,0.7586206896551724,36.09,LOW,"Unsafe speed pattern, Weather-related risk"
3,2,Zasirani chowk,21.18783927301737,79.1214811668782,1456,16,5,46,5,0,4,0,24,0.21114827201783723,0.5555555555555556,0.4044943820224719,0.4444444444444444,0.0,0.8,0.8275862068965517,45.9,MEDIUM,Unsafe speed pattern
4,1,Munje chowk,21.171839018103647,79.03819609821457,2439,24,4,30,1,0,3,0,16,0.43032329988851725,0.4444444444444444,0.2247191011235955,0.0,0.0,0.6,0.5517241379310345,33.83,LOW,No major risk factors
5,1,Manas chowk,21.118722236853095,79.1022254083336,4453,48,4,88,10,3,1,0,8,0.8793756967670011,0.4444444444444444,0.8764044943820225,1.0,0.6,0.2,0.27586206896551724,65.83,MEDIUM,"Heavy traffic volume, High congestion, High pedestrian density"
6,2,Akash Wani chowk,21.118719342440347,79.11403417898346,2881,30,7,26,10,0,0,1,10,0.5288740245261985,0.7777777777777778,0.1797752808988764,1.0,0.0,0.0,0.3448275862068966,55.06,MEDIUM,"High incident risk, High congestion"
7,2,Board office square,21.106970033460186,79.08934581109118,1468,62,2,46,10,4,1,1,22,0.21382385730211817,0.2222222222222222,0.4044943820224719,1.0,0.8,0.2,0.7586206896551724,44.6,MEDIUM,"High congestion, Unsafe speed pattern, Weather-related risk"
8,2,Panchshil square,21.203941137492993,79.07073642828253,1816,65,2,86,1,4,3,1,25,0.29141583054626535,0.2222222222222222,0.8539325842696629,0.0,0.8,0.6,0.8620689655172413,40.92,MEDIUM,"High pedestrian density, Unsafe speed pattern, Weather-related risk"
9,1,Canal Road Shri Ram bhavan square,21.172133801409185,79.0617761371221,1543,53,5,28,5,4,5,1,13,0.230546265328874,0.5555555555555556,0.20224719101123595,0.4444444444444444,0.8,1.0,0.4482758620689655,44.46,MEDIUM,Weather-related risk
10,1,Mories college T Point,21.18496870933553,79.05233023998144,781,36,4,39,10,1,0,0,4,0.06064659977703456,0.4444444444444444,0.3258426966292135,1.0,0.2,0.0,0.13793103448275862,36.81,LOW,High congestion
11,1,Jaystambh square Railway station,21.102470139315496,79.13942937163718,3344,26,3,54,9,4,1,1,14,0.6321070234113713,0.3333333333333333,0.4943820224719101,0.8888888888888888,0.8,0.2,0.4827586206896552,53.22,MEDIUM,"High congestion, Weather-related risk"
12,2,R.B.I square,21.21638918225944,79.12459291116816,1558,38,2,27,1,4,4,0,2,0.2338907469342252,0.2222222222222222,0.19101123595505617,0.0,0.8,0.8,0.06896551724137931,22.9,LOW,Weather-related risk
13,2,GPO square,21.199893116896053,79.14475403659998,4793,61,4,87,1,1,1,0,21,0.9551839464882943,0.4444444444444444,0.8651685393258427,0.0,0.2,0.2,0.7241379310344828,54.66,MEDIUM,"Heavy traffic volume, High pedestrian density, Unsafe speed pattern"
14,2,RajaRani square,21.125480693281396,79.01864458352283,3032,54,4,71,4,5,5,1,14,0.5625418060200669,0.4444444444444444,0.6853932584269663,0.3333333333333333,1.0,1.0,0.4827586206896552,54.69,MEDIUM,Weather-related risk
15,2,MLA Hostel square,21.121818996064853,79.10963012128055,4328,52,5,45,4,2,3,0,12,0.8515050167224081,0.5555555555555556,0.39325842696629215,0.3333333333333333,0.4,0.6,0.41379310344827586,53.73,MEDIUM,Heavy traffic volume
16,3,Variety square,21.122008541182414,79.14075106852316,1508,24,1,93,2,0,0,0,16,0.22274247491638796,0.1111111111111111,0.9325842696629213,0.1111111111111111,0.0,0.0,0.5517241379310345,28.96,LOW,High pedestrian density
17,2,Maharaja Bagh square,21.136509069155146,79.02718495992485,1729,49,2,61,9,4,4,0,9,0.27201783723522854,0.2222222222222222,0.5730337078651685,0.8888888888888888,0.8,0.8,0.3103448275862069,45.14,MEDIUM,"High congestion, Weather-related risk"
18,2,Bhole petrol square,21.16297077179587,79.00997444010501,1535,65,1,28,9,0,0,0,25,0.22876254180602007,0.1111111111111111,0.20224719101123595,0.8888888888888888,0.0,0.0,0.8620689655172413,32.9,LOW,"High congestion, Unsafe speed pattern"
19,2,University Library square,21.151833402237056,79.1111680973935,775,63,4,53,2,3,4,1,23,0.059308807134894094,0.4444444444444444,0.48314606741573035,0.1111111111111111,0.6,0.8,0.7931034482758621,38.36,LOW,Unsafe speed pattern
20,2,Alankar talkies square,21.134947496823766,79.086170966977,3240,46,1,16,9,0,0,0,6,0.6089186176142698,0.1111111111111111,0.06741573033707865,0.8888888888888888,0.0,0.0,0.20689655172413793,31.93,LOW,High congestion
21,2,Shankar Nagar square,21.17342234736669,79.12627431651374,2789,21,3,53,6,5,3,0,19,0.5083612040133779,0.3333333333333333,0.48314606741573035,0.5555555555555556,1.0,0.6,0.6551724137931034,50.3,MEDIUM,Weather-related risk
22,2,Y Point Children park,21.116739263278248,79.02096585649394,1739,35,1,77,8,1,4,0,5,0.27424749163879597,0.1111111111111111,0.7528089887640449,0.7777777777777778,0.2,0.8,0.1724137931034483,38.5,LOW,"High congestion, High pedestrian density"
23,2,Laxmi Bhavan square,21.135057357824227,79.11929009677898,625,34,2,43,10,0,2,0,6,0.025863991081382386,0.2222222222222222,0.3707865168539326,1.0,0.0,0.4,0.20689655172413793,31.81,LOW,High congestion
24,2,Gyara Majali Building,21.143963421195245,79.03024409800716,4565,40,5,75,4,0,0,0,0,0.9043478260869565,0.5555555555555556,0.7303370786516854,0.3333333333333333,0.0,0.0,0.0,50.71,MEDIUM,"Heavy traffic volume, High pedestrian density"
25,1,Lendra park T point,21.154728398106045,79.02454839142986,4812,18,4,78,2,0,0,0,22,0.9594202898550724,0.4444444444444444,0.7640449438202247,0.1111111111111111,0.0,0.0,0.7586206896551724,53.24,MEDIUM,"Heavy traffic volume, High pedestrian density, Unsafe speed pattern"
26,2,Kachipura square,21.194221115367164,79.02463986968965,4368,60,3,64,2,2,1,0,20,0.8604236343366778,0.3333333333333333,0.6067415730337079,0.1111111111111111,0.4,0.2,0.6896551724137931,47.87,MEDIUM,Heavy traffic volume
27,1,Futala lake open place,21.123960853859003,79.1221862080347,1708,66,3,19,9,2,4,1,26,0.2673355629877369,0.3333333333333333,0.10112359550561797,0.8888888888888888,0.4,0.8,0.896551724137931,45.16,MEDIUM,"High congestion, Unsafe speed pattern"
28,1,Ambazari Talav area,21.161708132609636,79.09977958310444,3749,36,5,51,1,3,5,1,4,0.7224080267558528,0.5555555555555556,0.4606741573033708,0.0,0.6,1.0,0.13793103448275862,47.4,MEDIUM,Heavy traffic volume
29,1,Telankhadi Garden open place,21.171089748263448,79.07845981371537,1418,29,3,50,7,1,2,0,11,0.20267558528428092,0.3333333333333333,0.449438202247191,0.6666666666666666,0.2,0.4,0.3793103448275862,37.59,LOW,No major risk factors
30,1,Ambazari T point,21.1055740495264,79.05382457261852,4423,54,2,86,3,0,3,0,14,0.8726867335562988,0.2222222222222222,0.8539325842696629,0.2222222222222222,0.0,0.6,0.4827586206896552,48.09,MEDIUM,"Heavy traffic volume, High pedestrian density"
31,1,Juna Amravati Naka,21.172905382228173,79.13158008112197,4903,35,1,78,3,0,1,0,5,0.9797101449275363,0.1111111111111111,0.7640449438202247,0.2222222222222222,0.0,0.2,0.1724137931034483,40.45,MEDIUM,"Heavy traffic volume, High pedestrian density"
32,2,Ravi nagar square,21.120462894842476,79.0588667661134,2469,29,2,19,2,0,2,1,11,0.43701226309921964,0.2222222222222222,0.10112359550561797,0.1111111111111111,0.0,0.4,0.3793103448275862,24.38,LOW,No major risk factors
33,1,Futala lake y point,21.107806191158236,79.12248991592074,3293,36,1,19,10,0,4,0,4,0.6207357859531772,0.1111111111111111,0.10112359550561797,1.0,0.0,0.8,0.13793103448275862,37.64,LOW,High congestion
34,1,Futala lake vadache jhad point,21.2138662644704,79.06587023628553,1391,66,2,69,6,2,2,1,26,0.19665551839464884,0.2222222222222222,0.6629213483146067,0.5555555555555556,0.4,0.4,0.896551724137931,41.84,MEDIUM,Unsafe speed pattern
35,3,Ram nagar square,21.21587584396895,79.05654166441374,4970,42,1,60,10,5,0,1,2,0.9946488294314382,0.1111111111111111,0.5617977528089888,1.0,1.0,0.0,0.06896551724137931,52.34,MEDIUM,"Heavy traffic volume, High congestion, Weather-related risk"
36,2,Bajaj nagar square,21.197007681773975,79.06940196785044,2533,28,3,30,2,5,0,1,12,0.4512820512820513,0.3333333333333333,0.2247191011235955,0.1111111111111111,1.0,0.0,0.41379310344827586,33.2,LOW,Weather-related risk
37,2,LAD Square,21.136553652300805,79.04520668112463,1864,41,3,17,10,3,1,1,1,0.30211817168338906,0.3333333333333333,0.07865168539325842,1.0,0.6,0.2,0.034482758620689655,36.57,LOW,High congestion
38,2,Ladies Club square,21.111720653680766,79.11214140702644,628,55,6,74,4,4,4,0,15,0.02653288740245262,0.6666666666666666,0.7191011235955056,0.3333333333333333,0.8,0.8,0.5172413793103449,49.49,MEDIUM,"High pedestrian density, Weather-related risk"
39,2,LAW College square,21.182107963181462,79.07540805851387,1514,54,5,87,10,1,4,0,14,0.22408026755852842,0.5555555555555556,0.8651685393258427,1.0,0.2,0.8,0.4827586206896552,58.95,MEDIUM,"High congestion, High pedestrian density"
40,1,Coffee house square,21.152818299248754,79.03483190427202,2299,42,6,94,9,5,2,1,2,0.399108138238573,0.6666666666666666,0.9438202247191011,0.8888888888888888,1.0,0.4,0.06896551724137931,63.16,MEDIUM,"High congestion, High pedestrian density, Weather-related risk"
41,1,Bajaj nagar,21.114644588181374,79.13493618599118,2018,40,1,39,9,0,1,0,0,0.33645484949832777,0.1111111111111111,0.3258426966292135,0.8888888888888888,0.0,0.2,0.0,29.28,LOW,High congestion
42,1,Opp Wockhart Hospital,21.159421229213354,79.05758368320598,4681,63,2,94,6,5,4,0,23,0.9302118171683389,0.2222222222222222,0.9438202247191011,0.5555555555555556,1.0,0.8,0.7931034482758621,64.69,MEDIUM,"Heavy traffic volume, High pedestrian density, Unsafe speed pattern, Weather-related risk"
43,2,Bharat nagar T Point,21.104126622533826,79.0815329291671,1698,16,4,58,4,3,5,0,24,0.26510590858416944,0.4444444444444444,0.5393258426966292,0.3333333333333333,0.6,1.0,0.8275862068965517,48.0,MEDIUM,Unsafe speed pattern
44,1,Near Madrasi Mandir,21.209118448249455,79.13597081664469,4373,39,2,18,7,4,5,0,1,0.8615384615384616,0.2222222222222222,0.0898876404494382,0.6666666666666666,0.8,1.0,0.034482758620689655,44.59,MEDIUM,"Heavy traffic volume, Weather-related risk"
45,1,Pandharbodi,21.131053597792004,79.0936356993871,2974,17,1,26,1,5,0,1,23,0.5496098104793757,0.1111111111111111,0.1797752808988764,0.0,1.0,0.0,0.7931034482758621,29.95,LOW,"Unsafe speed pattern, Weather-related risk"
46,1,Gokulpeth market,21.179502674122478,79.01753470610626,3985,22,4,78,4,3,2,0,18,0.7750278706800446,0.4444444444444444,0.7640449438202247,0.3333333333333333,0.6,0.4,0.6206896551724138,56.5,MEDIUM,"Heavy traffic volume, High pedestrian density"
47,1,Abhyankar Nagar Road,21.13740532913073,79.14097481854202,4549,58,4,67,5,2,3,0,18,0.9007803790412486,0.4444444444444444,0.6404494382022472,0.4444444444444444,0.4,0.6,0.6206896551724138,58.83,MEDIUM,Heavy traffic volume
48,1,Telankhedi Area,21.16240816254134,79.09415620796071,4219,47,1,66,8,4,0,1,7,0.8272017837235228,0.1111111111111111,0.6292134831460674,0.7777777777777778,0.8,0.0,0.2413793103448276,47.4,MEDIUM,"Heavy traffic volume, High congestion, Weather-related risk"
49,1,Ambazari Bay Bas Road,21.165605233521195,79.05023584219856,802,56,4,71,2,3,1,1,16,0.0653288740245262,0.4444444444444444,0.6853932584269663,0.1111111111111111,0.6,0.2,0.5517241379310345,36.1,LOW,No major risk factors
50,1,Shivaji Nagar Gardan,21.122182534663065,79.0208908108995,4452,66,3,61,5,5,4,0,26,0.8791527313266444,0.3333333333333333,0.5730337078651685,0.4444444444444444,1.0,0.8,0.896551724137931,60.81,MEDIUM,"Heavy traffic volume, Unsafe speed pattern, Weather-related risk"
51,1,Shivaji Nagar Basket ball ground,21.21635015533175,79.11910377839054,1486,49,1,70,6,2,0,0,9,0.21783723522853957,0.1111111111111111,0.6741573033707865,0.5555555555555556,0.4,0.0,0.3103448275862069,31.24,LOW,No major risk factors
52,1,Near carzy casal,21.193015938803335,79.09301091338928,2363,20,2,49,5,3,3,0,20,0.4133779264214047,0.2222222222222222,0.43820224719101125,0.4444444444444444,0.6,0.6,0.6896551724137931,41.07,MEDIUM,No major risk factors
53,1,Esasni Area,21.212739872987704,79.08001916379645,4940,53,1,47,9,3,3,0,13,0.9879598662207358,0.1111111111111111,0.4157303370786517,0.8888888888888888,0.6,0.6,0.4482758620689655,53.14,MEDIUM,"Heavy traffic volume, High congestion"
54,1,Waghdhara Area,21.20737928205132,79.13408388745765,3572,66,2,52,10,5,5,0,26,0.682943143812709,0.2222222222222222,0.47191011235955055,1.0,1.0,1.0,0.896551724137931,61.37,MEDIUM,"High congestion, Unsafe speed pattern, Weather-related risk"
55,1,SRPF Gate No.2,21.17174799745733,79.11828958168368,3624,37,2,72,1,4,1,0,3,0.6945373467112598,0.2222222222222222,0.6966292134831461,0.0,0.8,0.2,0.10344827586206896,37.04,LOW,Weather-related risk
56,1,Yashodhara nagar t point hingna road,21.210624908202774,79.02275123195992,1827,39,3,28,3,2,0,1,1,0.2938684503901895,0.3333333333333333,0.20224719101123595,0.2222222222222222,0.4,0.0,0.034482758620689655,24.59,LOW,No major risk factors
57,1,Gadge nagar t point hingna road,21.110619100246232,79.04675831016934,2908,64,4,59,2,0,2,0,24,0.5348940914158306,0.4444444444444444,0.550561797752809,0.1111111111111111,0.0,0.4,0.8275862068965517,44.23,MEDIUM,Unsafe speed pattern
58,1,SRPF Geat petrol pump bansi nagar hingna road,21.1235179434903,79.03727337097217,4173,57,4,42,3,1,0,0,17,0.8169453734671126,0.4444444444444444,0.3595505617977528,0.2222222222222222,0.2,0.0,0.5862068965517241,45.26,MEDIUM,Heavy traffic volume
59,1,Deshmukh treding company t point hingna road,21.105427274669267,79.1115919438859,3791,33,0,22,10,4,5,0,7,0.7317725752508362,0.0,0.1348314606741573,1.0,0.8,1.0,0.2413793103448276,43.07,MEDIUM,"Heavy traffic volume, High congestion, Weather-related risk"
60,1,Sent zeviyrs school t point hingana road,21.139039639691592,79.00502986521036,4533,19,3,87,9,2,3,0,21,0.8972129319955406,0.3333333333333333,0.8651685393258427,0.8888888888888888,0.4,0.6,0.7241379310344828,66.5,MEDIUM,"Heavy traffic volume, High congestion, High pedestrian density, Unsafe speed pattern"
61,1,CRPF gate t point hingana road,21.14664127476274,79.0854834527307,1203,65,0,71,9,3,1,1,25,0.15473801560758083,0.0,0.6853932584269663,0.8888888888888888,0.6,0.2,0.8620689655172413,39.33,LOW,"High congestion, Unsafe speed pattern"
62,1,IC Chowk t point hingana road,21.13256188381287,79.11436880286111,1074,25,3,52,10,2,1,0,15,0.12597547380156077,0.3333333333333333,0.47191011235955055,1.0,0.4,0.2,0.5172413793103449,42.77,MEDIUM,High congestion
63,2,Zone chowk hingana road,21.19944850109823,79.13151484551426,3732,26,1,58,2,1,2,0,14,0.7186176142697882,0.1111111111111111,0.5393258426966292,0.1111111111111111,0.2,0.4,0.4827586206896552,35.29,LOW,Heavy traffic volume
64,1,Rajiv nagar road hingna road,21.14281039920323,79.05131226230739,3132,24,4,45,3,5,1,0,16,0.5848383500557414,0.4444444444444444,0.39325842696629215,0.2222222222222222,1.0,0.2,0.5517241379310345,45.78,MEDIUM,Weather-related risk
65,1,Ycce college main gate hingana road,21.133712141162487,79.1231885957008,4328,22,5,19,4,1,5,1,18,0.8515050167224081,0.5555555555555556,0.10112359550561797,0.3333333333333333,0.2,1.0,0.6206896551724138,52.42,MEDIUM,Heavy traffic volume
66,1,Wanadongri t point,21.16512352997899,79.01659476054328,3730,38,1,15,9,0,5,0,2,0.7181716833890747,0.1111111111111111,0.056179775280898875,0.8888888888888888,0.0,1.0,0.06896551724137931,37.56,LOW,"Heavy traffic volume, High congestion"
67,1,Khadgaon Road,21.116910906996974,79.12696784376018,988,42,3,66,3,0,5,0,2,0.10680044593088071,0.3333333333333333,0.6292134831460674,0.2222222222222222,0.0,1.0,0.06896551724137931,30.6,LOW,No major risk factors
68,1,Wadi Naka No.10,21.196263637690485,79.0191232993498,1847,55,3,10,7,1,1,0,15,0.2983277591973244,0.3333333333333333,0.0,0.6666666666666666,0.2,0.2,0.5172413793103449,33.14,LOW,No major risk factors
69,1,Control Wadi,21.108946077241573,79.05959309358406,4181,50,3,80,3,4,1,1,10,0.8187290969899665,0.3333333333333333,0.7865168539325843,0.2222222222222222,0.8,0.2,0.3448275862068966,49.95,MEDIUM,"Heavy traffic volume, High pedestrian density, Weather-related risk"
70,1,MIDC Tarnign,21.218426432392064,79.11959430486694,3673,51,2,67,7,4,5,0,11,0.7054626532887402,0.2222222222222222,0.6404494382022472,0.6666666666666666,0.8,1.0,0.3793103448275862,53.18,MEDIUM,"Heavy traffic volume, Weather-related risk"
71,1,Katol Road BayPass,21.1926693723156,79.02248761410232,2167,35,3,30,7,3,1,0,5,0.36967670011148274,0.3333333333333333,0.2247191011235955,0.6666666666666666,0.6,0.2,0.1724137931034483,36.49,LOW,No major risk factors
72,1,KhadGaon Road tarnign,21.123845881784103,79.0343877092849,2137,22,3,89,9,0,1,0,18,0.3629877369007804,0.3333333333333333,0.8876404494382022,0.8888888888888888,0.0,0.2,0.6206896551724138,51.11,MEDIUM,"High congestion, High pedestrian density"
73,1,Dattawadi Square,21.100662654054833,79.10833788525896,4614,69,4,65,2,3,3,0,29,0.915273132664437,0.4444444444444444,0.6179775280898876,0.1111111111111111,0.6,0.6,1.0,58.58,MEDIUM,"Heavy traffic volume, Unsafe speed pattern"
74,1,Dattawadi Sarafa Bazar,21.197855371414583,79.1080054804819,4053,23,3,96,6,0,0,1,17,0.7901895206243033,0.3333333333333333,0.9662921348314607,0.5555555555555556,0.0,0.0,0.5862068965517241,54.49,MEDIUM,"Heavy traffic volume, High pedestrian density"
75,1,GuruDatta Socity,21.184822881261717,79.0961721449328,1500,61,1,29,9,1,4,1,21,0.220958751393534,0.1111111111111111,0.21348314606741572,0.8888888888888888,0.2,0.8,0.7241379310344828,36.53,LOW,"High congestion, Unsafe speed pattern"
76,1,PS Main Gate,21.18748086016492,79.10409226667007,1350,29,2,63,2,4,1,0,11,0.1875139353400223,0.2222222222222222,0.5955056179775281,0.1111111111111111,0.8,0.2,0.3793103448275862,29.81,LOW,Weather-related risk
77,2,8 th Mail Road,21.192552441602317,79.08140866650214,1888,62,4,34,2,4,4,0,22,0.30746934225195094,0.4444444444444444,0.2696629213483146,0.1111111111111111,0.8,0.8,0.7586206896551724,40.78,MEDIUM,"Unsafe speed pattern, Weather-related risk"
78,1,Ambedakar Nagar Square,21.10888535820809,79.03776985883604,4212,60,1,37,5,1,4,0,20,0.8256410256410256,0.1111111111111111,0.30337078651685395,0.4444444444444444,0.2,0.8,0.6896551724137931,42.96,MEDIUM,Heavy traffic volume
79,1,Davalamethi Road,21.143015887425314,79.05185439902559,1867,54,4,14,10,3,3,0,14,0.3027870680044593,0.4444444444444444,0.0449438202247191,1.0,0.6,0.6,0.4827586206896552,45.89,MEDIUM,High congestion
80,1,8 th Mail Market Road,21.11390428714302,79.02723965752021,1321,32,2,30,10,3,1,0,8,0.1810479375696767,0.2222222222222222,0.2247191011235955,1.0,0.6,0.2,0.27586206896551724,35.42,LOW,High congestion
81,1,Waddhamna Square,21.20357241110507,79.13626758420004,954,56,1,27,10,2,5,0,16,0.09921962095875139,0.1111111111111111,0.19101123595505617,1.0,0.4,1.0,0.5517241379310345,35.7,LOW,High congestion
82,1,Surabaldi Gaon Tranign,21.17479577521931,79.08750876921492,2124,34,5,56,8,0,4,0,6,0.3600891861761427,0.5555555555555556,0.5168539325842697,0.7777777777777778,0.0,0.8,0.20689655172413793,49.36,MEDIUM,High congestion
83,1,HighLand Park Tarnig,21.13970776298232,79.06012771251454,3272,20,6,79,9,3,1,0,20,0.6160535117056856,0.6666666666666666,0.7752808988764045,0.8888888888888888,0.6,0.2,0.6896551724137931,68.18,MEDIUM,"High congestion, High pedestrian density"
84,1,Dhammakirtinagar,21.107627002034324,79.06930087054663,4226,26,1,66,2,1,2,1,14,0.82876254180602,0.1111111111111111,0.6292134831460674,0.1111111111111111,0.2,0.4,0.4827586206896552,38.84,LOW,Heavy traffic volume
85,4,Outer ring road area ,21.13731787860588,79.14209250094177,3647,16,7,28,5,3,5,1,24,0.6996655518394649,0.7777777777777778,0.20224719101123595,0.4444444444444444,0.6,1.0,0.8275862068965517,63.3,MEDIUM,"High incident risk, Unsafe speed pattern"
86,1,Somalwada chowk,21.139021998643212,79.02300271046741,4589,21,4,74,7,4,2,1,19,0.9096989966555183,0.4444444444444444,0.7191011235955056,0.6666666666666666,0.8,0.4,0.6551724137931034,64.87,MEDIUM,"Heavy traffic volume, High pedestrian density, Weather-related risk"
87,1,Manish Nagar Railway,21.18755274140057,79.08793447480252,2690,30,3,12,6,0,2,0,10,0.4862876254180602,0.3333333333333333,0.02247191011235955,0.5555555555555556,0.0,0.4,0.3448275862068966,33.84,LOW,No major risk factors
88,1,Reliance Fresh,21.17650689656263,79.07588330183268,1416,17,3,51,6,5,4,1,23,0.20222965440356744,0.3333333333333333,0.4606741573033708,0.5555555555555556,1.0,0.8,0.7931034482758621,46.22,MEDIUM,"Unsafe speed pattern, Weather-related risk"
89,1,Purshottam Bazar Beltrodi,21.20646552910916,79.09171813531519,4486,59,0,30,7,2,2,0,19,0.8867335562987737,0.0,0.2247191011235955,0.6666666666666666,0.4,0.4,0.6551724137931034,41.66,MEDIUM,Heavy traffic volume
90,1,Padmavati T–Point,21.156665791019435,79.00271652757313,3375,17,3,49,3,0,3,0,23,0.6390189520624303,0.3333333333333333,0.43820224719101125,0.2222222222222222,0.0,0.6,0.7931034482758621,43.62,MEDIUM,Unsafe speed pattern
91,1,Chinch bhvan bus stop,21.114351309512596,79.13081858634162,1940,41,3,76,3,4,3,1,1,0.31906354515050167,0.3333333333333333,0.7415730337078652,0.2222222222222222,0.8,0.6,0.034482758620689655,38.18,LOW,"High pedestrian density, Weather-related risk"
92,1,Sahkar Nagar,21.185589374466762,79.13981774237254,4900,64,1,34,10,4,4,0,24,0.979041248606466,0.1111111111111111,0.2696629213483146,1.0,0.8,0.8,0.8275862068965517,58.23,MEDIUM,"Heavy traffic volume, High congestion, Unsafe speed pattern, Weather-related risk"
93,1,Wardha road Rajiv Nagar Square,21.19129420583403,79.08476997753839,1235,57,0,64,9,4,1,0,17,0.16187290969899665,0.0,0.6067415730337079,0.8888888888888888,0.8,0.2,0.5862068965517241,36.53,LOW,"High congestion, Weather-related risk"
94,2,Infront of Hotel Pride,21.167353263708343,79.10449762358154,4068,54,2,93,8,4,0,0,14,0.7935340022296544,0.2222222222222222,0.9325842696629213,0.7777777777777778,0.8,0.0,0.4827586206896552,57.02,MEDIUM,"Heavy traffic volume, High congestion, High pedestrian density, Weather-related risk"
95,2,Bhende layout Square,21.19251606159455,79.1383749071766,3838,52,4,61,5,1,1,0,12,0.7422519509476031,0.4444444444444444,0.5730337078651685,0.4444444444444444,0.2,0.2,0.41379310344827586,49.58,MEDIUM,Heavy traffic volume
96,2,Trimurti chowk,21.15925547156373,79.10608579514701,3515,47,6,53,6,2,1,0,7,0.6702341137123746,0.6666666666666666,0.48314606741573035,0.5555555555555556,0.4,0.2,0.2413793103448276,54.4,MEDIUM,No major risk factors
97,1,Sambhaji chowk,21.16272793952584,79.02288085643714,3389,42,3,94,10,5,1,0,2,0.6421404682274248,0.3333333333333333,0.9438202247191011,1.0,1.0,0.2,0.06896551724137931,58.69,MEDIUM,"High congestion, High pedestrian density, Weather-related risk"
98,1,Padole chowk,21.15130492220303,79.08644325402503,1461,15,3,65,1,4,1,1,25,0.21226309921962097,0.3333333333333333,0.6179775280898876,0.0,0.8,0.2,0.8620689655172413,37.14,LOW,"Unsafe speed pattern, Weather-related risk"
99,2,Pratap Nagar chowk,21.103050295209293,79.09100725695743,3489,69,2,64,10,4,5,0,29,0.6644370122630993,0.2222222222222222,0.6067415730337079,1.0,0.8,1.0,1.0,63.06,MEDIUM,"High congestion, Unsafe speed pattern, Weather-related risk"
100,2,Coca Cola chowk,21.112946971239197,79.06361960069536,4348,22,1,96,1,3,0,0,18,0.8559643255295429,0.1111111111111111,0.9662921348314607,0.0,0.6,0.0,0.6206896551724138,44.15,MEDIUM,"Heavy traffic volume, High pedestrian density"
101,1,Khamla market ,21.10377150228241,79.11046663534371,1526,51,0,79,4,2,5,0,11,0.22675585284280936,0.0,0.7752808988764045,0.3333333333333333,0.4,1.0,0.3793103448275862,31.96,LOW,High pedestrian density
102,1,Khamla maton market chowk,21.176369249351655,79.14015505221535,4365,46,2,86,2,0,2,0,6,0.8597547380156075,0.2222222222222222,0.8539325842696629,0.1111111111111111,0.0,0.4,0.20689655172413793,42.41,MEDIUM,"Heavy traffic volume, High pedestrian density"
103,1,Mokhare college,21.13772271772916,79.13883527693602,3363,62,6,96,7,2,1,1,22,0.6363433667781494,0.6666666666666666,0.9662921348314607,0.6666666666666666,0.4,0.2,0.7586206896551724,67.81,MEDIUM,"High pedestrian density, Unsafe speed pattern"
104,1,Jaytala bazaar chowk,21.161028482939766,79.06762590571061,3001,57,6,82,2,2,3,0,17,0.5556298773690078,0.6666666666666666,0.8089887640449438,0.1111111111111111,0.4,0.6,0.5862068965517241,55.78,MEDIUM,High pedestrian density
105,1,Hingna T point,21.20890797687113,79.01698570687611,2447,51,3,90,10,5,4,0,11,0.43210702341137125,0.3333333333333333,0.898876404494382,1.0,1.0,0.8,0.3793103448275862,59.92,MEDIUM,"High congestion, High pedestrian density, Weather-related risk"
106,2,Mangalmurti chowk,21.129915067497866,79.14772617984435,1677,18,3,75,2,2,4,0,22,0.2604236343366778,0.3333333333333333,0.7303370786516854,0.1111111111111111,0.4,0.8,0.7586206896551724,41.42,MEDIUM,"High pedestrian density, Unsafe speed pattern"
107,2,Shubhash nagar T pointVivekanand Statue,21.14924595076428,79.12583471296689,511,44,2,28,5,5,5,1,4,0.0004459308807134894,0.2222222222222222,0.20224719101123595,0.4444444444444444,1.0,1.0,0.13793103448275862,27.76,LOW,Weather-related risk
108,2,Mate chowk,21.19066613662517,79.01869940218049,4899,20,5,92,4,4,5,1,20,0.9788182831661093,0.5555555555555556,0.9213483146067416,0.3333333333333333,0.8,1.0,0.6896551724137931,70.96,HIGH,"Heavy traffic volume, High pedestrian density, Weather-related risk"
109,2,Laxminagar chowk,21.127455779858995,79.1381262823926,3864,60,3,16,8,4,3,0,20,0.7480490523968785,0.3333333333333333,0.06741573033707865,0.7777777777777778,0.8,0.6,0.6896551724137931,51.54,MEDIUM,"Heavy traffic volume, High congestion, Weather-related risk"
110,2,Athat Rasta chowk,21.109237589179457,79.13048445430933,3522,68,2,72,4,1,1,0,28,0.6717948717948717,0.2222222222222222,0.6966292134831461,0.3333333333333333,0.2,0.2,0.9655172413793104,47.21,MEDIUM,Unsafe speed pattern
111,1,Jerlly lawn,21.134770174349654,79.07782570856891,3871,33,2,51,6,5,0,0,7,0.7496098104793757,0.2222222222222222,0.4606741573033708,0.5555555555555556,1.0,0.0,0.2413793103448276,44.32,MEDIUM,"Heavy traffic volume, Weather-related risk"
112,2,Savarkar nagar chowk,21.119346554470482,79.08869131536174,3330,46,2,51,5,5,2,0,6,0.6289855072463768,0.2222222222222222,0.4606741573033708,0.4444444444444444,1.0,0.4,0.20689655172413793,41.89,MEDIUM,Weather-related risk
113,1,Sneh nagar petrol pump,21.21156371828111,79.05985040558052,542,23,3,68,2,0,4,0,17,0.007357859531772575,0.3333333333333333,0.651685393258427,0.1111111111111111,0.0,0.8,0.5862068965517241,31.45,LOW,No major risk factors
114,1,Sneh nagar garden,21.19697444554773,79.00821424582331,1443,26,1,29,8,3,2,1,14,0.20824972129319955,0.1111111111111111,0.21348314606741572,0.7777777777777778,0.6,0.4,0.4827586206896552,32.19,LOW,High congestion
115,1,Pande layout pani tanki,21.176008450781254,79.05027958624689,2890,25,6,82,2,2,0,0,15,0.5308807134894091,0.6666666666666666,0.8089887640449438,0.1111111111111111,0.4,0.0,0.5172413793103449,51.59,MEDIUM,High pedestrian density
116,1,Gulmohar lawn,21.204575270822527,79.1204280172897,3045,60,4,26,9,0,5,1,20,0.5654403567447046,0.4444444444444444,0.1797752808988764,0.8888888888888888,0.0,1.0,0.6896551724137931,52.57,MEDIUM,High congestion
117,1,Rammandir swavalambi nagar,21.196440649227895,79.00069480345068,2911,69,6,36,9,5,4,0,29,0.5355629877369008,0.6666666666666666,0.29213483146067415,0.8888888888888888,1.0,0.8,1.0,67.43,MEDIUM,"High congestion, Unsafe speed pattern, Weather-related risk"
118,1,Survey nagar,21.122388407066325,79.05002487575368,1504,30,2,56,3,0,2,0,10,0.221850613154961,0.2222222222222222,0.5168539325842697,0.2222222222222222,0.0,0.4,0.3448275862068966,27.64,LOW,No major risk factors
119,2,Nelco society,21.207107079818798,79.05972530403864,520,15,5,11,4,1,5,0,25,0.002452619843924192,0.5555555555555556,0.011235955056179775,0.3333333333333333,0.2,1.0,0.8620689655172413,36.5,LOW,Unsafe speed pattern
120,1,Rpts road,21.16472106902988,79.08060934044069,906,59,2,72,8,3,0,0,19,0.08851727982162765,0.2222222222222222,0.6966292134831461,0.7777777777777778,0.6,0.0,0.6551724137931034,40.1,MEDIUM,High congestion
121,1,Jain mandir laxminagar,21.196892818619688,79.13797834246192,1514,69,3,71,9,5,2,0,29,0.22408026755852842,0.3333333333333333,0.6853932584269663,0.8888888888888888,1.0,0.4,1.0,55.1,MEDIUM,"High congestion, Unsafe speed pattern, Weather-related risk"
122,1,Radhey mamgalam gali,21.20753095599082,79.0519518991549,4931,67,6,28,3,5,1,0,27,0.9859531772575251,0.6666666666666666,0.20224719101123595,0.2222222222222222,1.0,0.2,0.9310344827586207,61.4,MEDIUM,"Heavy traffic volume, Unsafe speed pattern, Weather-related risk"
123,1,Ganesh mandir tatya tope nagar,21.138160416996627,79.05204298028444,2338,35,6,26,5,2,5,0,5,0.40780379041248604,0.6666666666666666,0.1797752808988764,0.4444444444444444,0.4,1.0,0.1724137931034483,46.24,MEDIUM,No major risk factors
124,1,Pratap nagar durga mandir,21.113206230943323,79.11062518721646,3688,44,5,78,8,3,0,0,4,0.7088071348940914,0.5555555555555556,0.7640449438202247,0.7777777777777778,0.6,0.0,0.13793103448275862,58.35,MEDIUM,"Heavy traffic volume, High congestion, High pedestrian density"
125,1,Aaji aajoba park,21.127352219505035,79.06783269113348,1214,27,4,48,3,1,2,0,13,0.15719063545150502,0.4444444444444444,0.42696629213483145,0.2222222222222222,0.2,0.4,0.4482758620689655,33.7,LOW,No major risk factors
126,1,Nit garden trimurti nagar,21.151252934635153,79.033690723441,4646,48,3,91,7,4,1,0,8,0.9224080267558529,0.3333333333333333,0.9101123595505618,0.6666666666666666,0.8,0.2,0.27586206896551724,59.86,MEDIUM,"Heavy traffic volume, High pedestrian density, Weather-related risk"
127,1,Opposite to C.P. Club,21.1981617719107,79.0678659274199,4354,18,1,80,8,0,1,0,22,0.8573021181716833,0.1111111111111111,0.7865168539325843,0.7777777777777778,0.0,0.2,0.7586206896551724,52.53,MEDIUM,"Heavy traffic volume, High congestion, High pedestrian density, Unsafe speed pattern"
128,1,Opposite to St.John School,21.20328766999076,79.02112855305697,4919,42,4,90,10,2,0,0,2,0.9832775919732442,0.4444444444444444,0.898876404494382,1.0,0.4,0.0,0.06896551724137931,64.17,MEDIUM,"Heavy traffic volume, High congestion, High pedestrian density"
129,1,Aakar Building Area,21.100834255663745,79.02645804797594,640,52,3,48,3,5,3,0,12,0.029208472686733555,0.3333333333333333,0.42696629213483145,0.2222222222222222,1.0,0.6,0.41379310344827586,32.46,LOW,Weather-related risk
130,1,L.I.C. Chowk,21.16128967630931,79.07475516591091,1463,45,4,45,2,4,4,0,5,0.21270903010033446,0.4444444444444444,0.39325842696629215,0.1111111111111111,0.8,0.8,0.1724137931034483,34.88,LOW,Weather-related risk
131,1,Gaddigodanm square,21.150089320377855,79.06283881742569,872,69,2,49,10,1,0,1,29,0.08093645484949832,0.2222222222222222,0.43820224719101125,1.0,0.2,0.0,1.0,40.86,MEDIUM,"High congestion, Unsafe speed pattern"
132,1,Meshram putla square,21.126652937256488,79.13722688516022,4135,41,2,54,7,3,1,1,1,0.8084726867335563,0.2222222222222222,0.4943820224719101,0.6666666666666666,0.6,0.2,0.034482758620689655,44.6,MEDIUM,Heavy traffic volume
133,1,Chhovani square,21.114383844080045,79.0543590848675,3041,19,4,13,9,0,1,0,21,0.5645484949832776,0.4444444444444444,0.033707865168539325,0.8888888888888888,0.0,0.2,0.7241379310344828,46.7,MEDIUM,"High congestion, Unsafe speed pattern"
134,2,V.C.A. chowk,21.140513820568437,79.0870882525417,4110,39,4,34,1,2,0,0,1,0.8028985507246377,0.4444444444444444,0.2696629213483146,0.0,0.4,0.0,0.034482758620689655,35.78,LOW,Heavy traffic volume
135,1,Punam chamber ahead,21.213149164469502,79.09483964318792,2192,17,1,78,3,5,3,0,23,0.37525083612040133,0.1111111111111111,0.7640449438202247,0.2222222222222222,1.0,0.6,0.7931034482758621,41.56,MEDIUM,"High pedestrian density, Unsafe speed pattern, Weather-related risk"
136,2,Pagalkhana square,21.138784351842492,79.00196416848824,605,47,2,39,5,5,4,1,7,0.02140468227424749,0.2222222222222222,0.3258426966292135,0.4444444444444444,1.0,0.8,0.2413793103448276,30.06,LOW,Weather-related risk
137,2,Hotel Ashoka Chowk,21.162254874609204,79.09953060580251,2181,18,4,85,3,4,2,0,22,0.37279821627647713,0.4444444444444444,0.8426966292134831,0.2222222222222222,0.8,0.4,0.7586206896551724,50.35,MEDIUM,"High pedestrian density, Unsafe speed pattern, Weather-related risk"
138,1,Durga Mata Mandir Chowk,21.18436227506742,79.02670539503046,4597,39,2,77,1,4,0,0,1,0.9114827201783724,0.2222222222222222,0.7528089887640449,0.0,0.8,0.0,0.034482758620689655,40.53,MEDIUM,"Heavy traffic volume, High pedestrian density, Weather-related risk"
139,1,Police Talao Chowk,21.143635552285517,79.14416054762042,4516,34,3,97,7,0,4,1,6,0.893422519509476,0.3333333333333333,0.9775280898876404,0.6666666666666666,0.0,0.8,0.20689655172413793,58.6,MEDIUM,"Heavy traffic volume, High pedestrian density"
140,2,Gondwana Chowk,21.216613849926517,79.02229940916297,3136,48,5,38,7,3,4,0,8,0.5857302118171683,0.5555555555555556,0.3146067415730337,0.6666666666666666,0.6,0.8,0.27586206896551724,52.86,MEDIUM,No major risk factors
141,1,Punam Chamber,21.215493675393056,79.06219361855905,2637,40,2,82,10,1,5,0,0,0.47447045707915275,0.2222222222222222,0.8089887640449438,1.0,0.2,1.0,0.0,49.29,MEDIUM,"High congestion, High pedestrian density"
142,2,Mohd. Rafi Chowk,21.130213875499045,79.0128024502118,3916,19,2,77,8,3,1,0,21,0.7596432552954292,0.2222222222222222,0.7528089887640449,0.7777777777777778,0.6,0.2,0.7241379310344828,56.06,MEDIUM,"Heavy traffic volume, High congestion, High pedestrian density, Unsafe speed pattern"
143,2,RaviBhavan Main Gate,21.159669820707087,79.14953113777689,4945,49,2,60,5,3,2,0,9,0.9890746934225195,0.2222222222222222,0.5617977528089888,0.4444444444444444,0.6,0.4,0.3103448275862069,49.65,MEDIUM,Heavy traffic volume
144,2,Futala Talao Road Ramgiri Banglow Chowk,21.136105397178014,79.07532925154969,4030,42,2,33,10,3,0,1,2,0.7850613154960981,0.2222222222222222,0.25842696629213485,1.0,0.6,0.0,0.06896551724137931,44.93,MEDIUM,"Heavy traffic volume, High congestion"
145,2,RajBhavan Rear Gate Chowk,21.134180859325298,79.089307752598,1786,43,4,23,5,0,1,1,3,0.28472686733556296,0.4444444444444444,0.14606741573033707,0.4444444444444444,0.0,0.2,0.10344827586206896,29.92,LOW,No major risk factors
146,2,Mangalwari Bazar Complex,21.104426433682544,79.01006147160827,3679,23,2,78,5,0,5,0,17,0.7068004459308808,0.2222222222222222,0.7640449438202247,0.4444444444444444,0.0,1.0,0.5862068965517241,49.79,MEDIUM,"Heavy traffic volume, High pedestrian density"
147,1,Sadar  Karachi  Galli  Residency  Road  Gandhi Chowk,21.17314772007759,79.11249407055988,4154,66,2,27,1,1,5,0,26,0.8127090301003345,0.2222222222222222,0.19101123595505617,0.0,0.2,1.0,0.896551724137931,40.75,MEDIUM,"Heavy traffic volume, Unsafe speed pattern"
148,1,Administrative  Building  No. 1 2 and District Compound Bazar,21.160321482787463,79.03148583896434,2859,52,3,51,10,3,1,0,12,0.5239687848383501,0.3333333333333333,0.4606741573033708,1.0,0.6,0.2,0.41379310344827586,50.53,MEDIUM,High congestion
149,2,In Front of Shriram Tower Parking,21.10617745015,79.1347081434161,944,64,2,66,5,0,3,0,24,0.09698996655518395,0.2222222222222222,0.6292134831460674,0.4444444444444444,0.0,0.6,0.8275862068965517,35.99,LOW,Unsafe speed pattern
150,1,In Front of Tahsil Office Gate,21.133437575708395,79.0307709460723,535,20,2,92,6,1,4,0,20,0.005797101449275362,0.2222222222222222,0.9213483146067416,0.5555555555555556,0.2,0.8,0.6896551724137931,40.83,MEDIUM,High pedestrian density
151,1,In front of Collector Office Gate,21.208991906316,79.02860315809956,1975,33,2,21,1,5,0,0,7,0.32686733556298775,0.2222222222222222,0.12359550561797752,0.0,1.0,0.0,0.2413793103448276,22.47,LOW,Weather-related risk
152,1,District Court Main Gate,21.12874742688004,79.00548245017721,4457,58,5,91,7,1,0,0,18,0.8802675585284281,0.5555555555555556,0.9101123595505618,0.6666666666666666,0.2,0.0,0.6206896551724138,65.13,MEDIUM,"Heavy traffic volume, High pedestrian density"
153,1,RajBhavan Sadar Bus Stand,21.117387384650947,79.0708100417665,2298,25,4,26,1,3,0,0,15,0.3988851727982163,0.4444444444444444,0.1797752808988764,0.0,0.6,0.0,0.5172413793103449,32.18,LOW,No major risk factors
154,1,In front of DCP Zone II Office,21.15873433123331,79.0847261699894,2345,16,4,39,2,2,1,0,24,0.40936454849498327,0.4444444444444444,0.3258426966292135,0.1111111111111111,0.4,0.2,0.8275862068965517,39.35,LOW,Unsafe speed pattern
155,1,Chhaoni Police Chowki T Point,21.218278054493272,79.00985629591425,1908,61,4,97,2,3,3,0,21,0.31192865105908585,0.4444444444444444,0.9775280898876404,0.1111111111111111,0.6,0.6,0.7241379310344828,49.14,MEDIUM,"High pedestrian density, Unsafe speed pattern"
156,1,MangalDeep Chowk T Point,21.12904663258138,79.11632914250426,2208,58,4,84,5,2,2,0,18,0.37881828316610927,0.4444444444444444,0.8314606741573034,0.4444444444444444,0.4,0.4,0.6206896551724138,50.26,MEDIUM,High pedestrian density
157,1,Hanuman Mandir sewa Banglow,21.180656265688707,79.0679933252122,3438,58,4,32,10,1,5,0,18,0.6530657748049052,0.4444444444444444,0.24719101123595505,1.0,0.2,1.0,0.6206896551724138,57.31,MEDIUM,High congestion
158,1,Liberty Talkies Chowk,21.19139435383945,79.07865854039913,1800,23,0,90,7,5,1,0,17,0.2878483835005574,0.0,0.898876404494382,0.6666666666666666,1.0,0.2,0.5862068965517241,41.1,MEDIUM,"High pedestrian density, Weather-related risk"
159,1,Dabha Area,21.12851650527909,79.06611441204073,1743,35,1,10,1,5,2,0,5,0.27513935340022294,0.1111111111111111,0.0,0.0,1.0,0.4,0.1724137931034483,17.56,LOW,Weather-related risk
160,1,C.P.W. colony,21.187385961833424,79.0601144591313,4476,38,4,88,10,0,5,0,2,0.8845039018952062,0.4444444444444444,0.8764044943820225,1.0,0.0,1.0,0.06896551724137931,64.86,MEDIUM,"Heavy traffic volume, High congestion, High pedestrian density"
161,1,Hazaripahad area,21.144133975926312,79.08394604969624,3597,48,1,41,1,5,5,0,8,0.6885172798216277,0.1111111111111111,0.34831460674157305,0.0,1.0,1.0,0.27586206896551724,35.09,LOW,Weather-related risk
162,2,Japani garden square,21.17587669967123,79.0232860368896,509,36,4,18,1,4,3,0,4,0.0,0.4444444444444444,0.0898876404494382,0.0,0.8,0.6,0.13793103448275862,23.06,LOW,Weather-related risk
163,2,Juna Katol Naka Square,21.17602356529131,79.02728921957429,2925,17,1,24,6,1,4,0,23,0.5386845039018952,0.1111111111111111,0.15730337078651685,0.5555555555555556,0.2,0.8,0.7931034482758621,37.73,LOW,Unsafe speed pattern
164,1,Gorewada square,21.16429296208897,79.12926784315202,2160,26,2,37,2,0,0,0,14,0.3681159420289855,0.2222222222222222,0.30337078651685395,0.1111111111111111,0.0,0.0,0.4827586206896552,25.07,LOW,No major risk factors
165,1,Dabha square,21.11083477240653,79.14191731932004,3131,42,2,33,1,5,2,1,2,0.5846153846153846,0.2222222222222222,0.25842696629213485,0.0,1.0,0.4,0.06896551724137931,29.93,LOW,Weather-related risk
166,1,Awasthi nagar T point,21.20023629947071,79.05599639744196,1572,44,1,69,6,1,1,0,4,0.23701226309921963,0.1111111111111111,0.6629213483146067,0.5555555555555556,0.2,0.2,0.13793103448275862,29.73,LOW,No major risk factors
167,1,Seminary Hills Near Balodyan vihar,21.138493607796608,79.04061170097154,3725,40,4,44,2,3,2,0,0,0.717056856187291,0.4444444444444444,0.38202247191011235,0.1111111111111111,0.6,0.4,0.0,40.07,MEDIUM,Heavy traffic volume
168,1,T.V. Tower Chowk,21.122382221247985,79.09659993148585,1816,62,7,95,6,5,4,0,22,0.29141583054626535,0.7777777777777778,0.9550561797752809,0.5555555555555556,1.0,0.8,0.7586206896551724,68.41,MEDIUM,"High incident risk, High pedestrian density, Unsafe speed pattern, Weather-related risk"
169,1,Veternary college Chowk,21.104893016986573,79.06131012566472,4645,35,3,36,10,2,0,0,5,0.922185061315496,0.3333333333333333,0.29213483146067415,1.0,0.4,0.0,0.1724137931034483,51.55,MEDIUM,"Heavy traffic volume, High congestion"
170,1,In front of Botanical Garden,21.17090715318259,79.00380795334905,4183,42,4,92,8,1,2,0,2,0.8191750278706801,0.4444444444444444,0.9213483146067416,0.7777777777777778,0.2,0.4,0.06896551724137931,58.89,MEDIUM,"Heavy traffic volume, High congestion, High pedestrian density"
171,1,L.A.D. College Chowk,21.181307723421074,79.02342288960493,3773,40,5,85,2,0,4,0,0,0.7277591973244147,0.5555555555555556,0.8426966292134831,0.1111111111111111,0.0,0.8,0.0,49.53,MEDIUM,"Heavy traffic volume, High pedestrian density"
172,1,Near Telangkhedi Hanuman Mandir,21.101990539471345,79.10739583432711,645,47,3,29,9,3,1,0,7,0.03032329988851728,0.3333333333333333,0.21348314606741572,0.8888888888888888,0.6,0.2,0.2413793103448276,33.56,LOW,High congestion
173,1,Gittikhadan Chowk,21.161451166995914,79.09883859128652,3540,35,2,74,8,4,3,0,5,0.6758082497212932,0.2222222222222222,0.7191011235955056,0.7777777777777778,0.8,0.6,0.1724137931034483,51.36,MEDIUM,"High congestion, High pedestrian density, Weather-related risk"
174,1,K.T.Nagar Katol Road,21.127179493023753,79.00406439887553,1962,49,3,94,10,3,5,0,9,0.32396878483835007,0.3333333333333333,0.9438202247191011,1.0,0.6,1.0,0.3103448275862069,56.74,MEDIUM,"High congestion, High pedestrian density"
175,2,New Katol Naka Chowk,21.177420734849136,79.03329582428994,2084,66,2,58,1,5,1,0,26,0.3511705685618729,0.2222222222222222,0.5393258426966292,0.0,1.0,0.2,0.896551724137931,36.75,LOW,"Unsafe speed pattern, Weather-related risk"
176,1,Anant Nagar Chowk,21.1209239714806,79.03466121948821,982,48,2,10,7,2,0,1,8,0.10546265328874024,0.2222222222222222,0.0,0.6666666666666666,0.4,0.0,0.27586206896551724,23.53,LOW,No major risk factors
177,1,Borgaon Chowk,21.1829125285723,79.1007839115398,3679,55,4,19,10,3,5,0,15,0.7068004459308808,0.4444444444444444,0.10112359550561797,1.0,0.6,1.0,0.5172413793103449,57.16,MEDIUM,"Heavy traffic volume, High congestion"
178,2,Awasthi Nagar Chowk,21.146408241556067,79.00295658066315,1749,65,1,56,6,4,1,1,25,0.27647714604236345,0.1111111111111111,0.5168539325842697,0.5555555555555556,0.8,0.2,0.8620689655172413,38.57,LOW,"Unsafe speed pattern, Weather-related risk"
179,1,Friends colony Chowk,21.212407598648408,79.01561628729769,1130,61,5,68,6,0,1,1,21,0.13846153846153847,0.5555555555555556,0.651685393258427,0.5555555555555556,0.0,0.2,0.7241379310344828,45.79,MEDIUM,Unsafe speed pattern
180,1,Kolkata railway line east area,21.116502513297522,79.11998741280598,1161,32,2,71,6,1,1,0,8,0.14537346711259755,0.2222222222222222,0.6853932584269663,0.5555555555555556,0.2,0.2,0.27586206896551724,32.95,LOW,No major risk factors
181,2,Kadbi chowk,21.14092796212603,79.02678169930815,4003,25,3,95,6,2,1,0,15,0.779041248606466,0.3333333333333333,0.9550561797752809,0.5555555555555556,0.4,0.2,0.5172413793103449,56.41,MEDIUM,"Heavy traffic volume, High pedestrian density"
182,2,kamal chowk,21.113616822548874,79.09791191617778,3352,37,6,27,10,4,5,0,3,0.6338907469342252,0.6666666666666666,0.19101123595505617,1.0,0.8,1.0,0.10344827586206896,60.58,MEDIUM,"High congestion, Weather-related risk"
183,1,Char Khamba Chowk,21.21096323419343,79.035727417157,2966,62,3,55,7,5,0,1,22,0.5478260869565217,0.3333333333333333,0.5056179775280899,0.6666666666666666,1.0,0.0,0.7586206896551724,51.13,MEDIUM,"Unsafe speed pattern, Weather-related risk"
184,2,Rani Dugawati Chowk,21.205280722405718,79.0149162089139,1487,36,3,41,3,5,4,1,4,0.2180602006688963,0.3333333333333333,0.34831460674157305,0.2222222222222222,1.0,0.8,0.13793103448275862,33.3,LOW,Weather-related risk
185,2,AwaleBabu Chowk,21.13095299532582,79.03647582864991,2046,31,7,36,6,5,2,0,9,0.3426978818283166,0.7777777777777778,0.29213483146067415,0.5555555555555556,1.0,0.4,0.3103448275862069,53.01,MEDIUM,"High incident risk, Weather-related risk"
186,1,Under Mehandibagh Over Brigde,21.179198085524103,79.10834003977835,1149,19,3,27,3,2,3,1,21,0.1426978818283166,0.3333333333333333,0.19101123595505617,0.2222222222222222,0.4,0.6,0.7241379310344828,31.29,LOW,Unsafe speed pattern
187,2,NIT Chowk Vaishali Nagar Cement Road,21.198066664024147,79.12835447021594,1468,58,1,48,7,3,2,0,18,0.21382385730211817,0.1111111111111111,0.42696629213483145,0.6666666666666666,0.6,0.4,0.6206896551724138,35.22,LOW,No major risk factors
188,2,Teka Naka chowk Kamthi Raod,21.16662409739194,79.12453297968504,3137,25,0,58,7,2,2,0,15,0.585953177257525,0.0,0.5393258426966292,0.6666666666666666,0.4,0.4,0.5172413793103449,38.98,LOW,No major risk factors
189,1,Motibagh Railway crossing Guard line Road,21.163558069402722,79.05957752944276,1600,44,3,91,8,5,3,1,4,0.24325529542920848,0.3333333333333333,0.9101123595505618,0.7777777777777778,1.0,0.6,0.13793103448275862,49.56,MEDIUM,"High congestion, High pedestrian density, Weather-related risk"
190,2,10 No. Pull Chowk Kamthi Road,21.129022274908056,79.1002127704856,940,29,1,53,2,4,5,1,11,0.09609810479375697,0.1111111111111111,0.48314606741573035,0.1111111111111111,0.8,1.0,0.3793103448275862,26.96,LOW,Weather-related risk
191,1,BuddhNagar Kalgidhar Gurudwara Turning Kamthi Road,21.11117233213671,79.03074764431237,1269,41,2,81,9,1,0,0,1,0.16945373467112598,0.2222222222222222,0.797752808988764,0.8888888888888888,0.2,0.0,0.034482758620689655,36.7,LOW,"High congestion, High pedestrian density"
192,1,Gamdur Bar Chowk kamthi Road,21.207665890954402,79.04397215953915,1843,49,1,63,5,1,3,1,9,0.29743589743589743,0.1111111111111111,0.5955056179775281,0.4444444444444444,0.2,0.6,0.3103448275862069,31.98,LOW,No major risk factors
193,1,Baba Buddhaji Nagar Gate Kamthi Road,21.2080501668596,79.13445037277816,4858,47,3,43,9,2,0,1,7,0.9696767001114828,0.3333333333333333,0.3707865168539326,0.8888888888888888,0.4,0.0,0.2413793103448276,52.7,MEDIUM,"Heavy traffic volume, High congestion"
194,1,Chirag Ali Chowk New Wasti Teka,21.175972174872793,79.00195028852661,4229,34,1,80,10,5,5,1,6,0.8294314381270903,0.1111111111111111,0.7865168539325843,1.0,1.0,1.0,0.20689655172413793,58.79,MEDIUM,"Heavy traffic volume, High congestion, High pedestrian density, Weather-related risk"
195,1,Mulchand  Saoji Bhojanalaya  Turning  Mehendi bagh Road,21.140683574925845,79.01282627962817,4406,30,2,45,5,0,2,1,10,0.8688963210702341,0.2222222222222222,0.39325842696629215,0.4444444444444444,0.0,0.4,0.3448275862068966,42.06,MEDIUM,Heavy traffic volume
196,1,Chakna Chowk Mehendibagh Road,21.14190514895352,79.03118293827191,2077,48,4,27,7,2,0,1,8,0.34960981047937567,0.4444444444444444,0.19101123595505617,0.6666666666666666,0.4,0.0,0.27586206896551724,37.95,LOW,No major risk factors
197,1,Naik Talao Near Tadi Shop,21.18711468146443,79.00397983058107,4508,16,3,47,9,5,5,0,24,0.8916387959866221,0.3333333333333333,0.4157303370786517,0.8888888888888888,1.0,1.0,0.8275862068965517,65.68,MEDIUM,"Heavy traffic volume, High congestion, Unsafe speed pattern, Weather-related risk"
198,1,Prakash Pan Mandir Chowk Tandapeth,21.20765323119431,79.02721531526348,3851,49,4,68,4,3,5,1,9,0.7451505016722408,0.4444444444444444,0.651685393258427,0.3333333333333333,0.6,1.0,0.3103448275862069,54.12,MEDIUM,Heavy traffic volume
199,1,Laldarwaja Chowk Railway Gate,21.206450370911817,79.08745623414545,2849,54,2,18,2,1,4,0,14,0.5217391304347826,0.2222222222222222,0.0898876404494382,0.1111111111111111,0.2,0.8,0.4827586206896552,29.94,LOW,No major risk factors
200,1,Pachpaoli Over Brige Nandgiri Road T Point,21.193585065502916,79.06321368258888,4102,42,2,82,9,1,3,1,2,0.8011148272017837,0.2222222222222222,0.8089887640449438,0.8888888888888888,0.2,0.6,0.06896551724137931,52.85,MEDIUM,"Heavy traffic volume, High congestion, High pedestrian density"
201,1,Dr. Ambedkar Garden Vaishali Nagar,21.177043797538516,79.13390075666155,1741,61,3,81,2,1,4,0,21,0.27469342251950946,0.3333333333333333,0.797752808988764,0.1111111111111111,0.2,0.8,0.7241379310344828,41.37,MEDIUM,"High pedestrian density, Unsafe speed pattern"
202,1,Asinagar Chowk,21.110096795799407,79.12261653426077,1625,53,1,60,3,0,2,0,13,0.24882943143812708,0.1111111111111111,0.5617977528089888,0.2222222222222222,0.0,0.4,0.4482758620689655,26.55,LOW,No major risk factors
203,2,Ashoknagar Chowk,21.119395445691357,79.05127260275468,3101,20,2,44,10,5,3,0,20,0.5779264214046823,0.2222222222222222,0.38202247191011235,1.0,1.0,0.6,0.6896551724137931,53.85,MEDIUM,"High congestion, Weather-related risk"
204,1,Chambhar Nala Turning,21.207826502623252,79.0389135150147,1690,23,4,91,2,5,2,0,17,0.2633221850613155,0.4444444444444444,0.9101123595505618,0.1111111111111111,1.0,0.4,0.5862068965517241,46.78,MEDIUM,"High pedestrian density, Weather-related risk"
205,2,Toward Thakkargram Road,21.172771487159153,79.0569538612251,4631,34,6,14,3,5,4,0,6,0.9190635451505017,0.6666666666666666,0.0449438202247191,0.2222222222222222,1.0,0.8,0.20689655172413793,53.46,MEDIUM,"Heavy traffic volume, Weather-related risk"
206,1,Front side of Sindhu College,21.101103646193998,79.08854424137722,4948,15,4,23,6,5,5,1,25,0.9897435897435898,0.4444444444444444,0.14606741573033707,0.5555555555555556,1.0,1.0,0.8620689655172413,62.27,MEDIUM,"Heavy traffic volume, Unsafe speed pattern, Weather-related risk"
207,1,Buddha Chowk Ara Machine Road,21.112176585143924,79.04020954612344,572,22,1,39,3,0,2,1,18,0.014046822742474917,0.1111111111111111,0.3258426966292135,0.2222222222222222,0.0,0.4,0.6206896551724138,20.04,LOW,No major risk factors
208,1,Khasada vasti,21.179620212292967,79.09362233617738,2414,69,4,13,10,4,3,0,29,0.42474916387959866,0.4444444444444444,0.033707865168539325,1.0,0.8,0.6,1.0,54.33,MEDIUM,"High congestion, Unsafe speed pattern, Weather-related risk"
209,1,Samta nagar area,21.100607390061548,79.06141174782869,2972,37,4,48,8,2,3,1,3,0.5491638795986622,0.4444444444444444,0.42696629213483145,0.7777777777777778,0.4,0.6,0.10344827586206896,48.42,MEDIUM,High congestion
210,1,Near Paramid city,21.1192969661701,79.0828070771278,3546,17,1,93,6,2,2,1,23,0.6771460423634337,0.1111111111111111,0.9325842696629213,0.5555555555555556,0.4,0.4,0.7931034482758621,51.13,MEDIUM,"High pedestrian density, Unsafe speed pattern"
211,1,Railway line on D.I. road,21.16584805472399,79.06541897937029,1207,18,5,73,7,5,3,0,22,0.1556298773690078,0.5555555555555556,0.7078651685393258,0.6666666666666666,1.0,0.6,0.7586206896551724,55.98,MEDIUM,"High pedestrian density, Unsafe speed pattern, Weather-related risk"
212,2,Indora chowk,21.183027423723125,79.04416986393129,2304,39,2,34,1,3,5,0,1,0.40022296544035674,0.2222222222222222,0.2696629213483146,0.0,0.6,1.0,0.034482758620689655,27.06,LOW,No major risk factors
213,1,Jaripatka chowk,21.178235351140312,79.14226799604432,4213,61,1,37,3,1,5,1,21,0.8258639910813824,0.1111111111111111,0.30337078651685395,0.2222222222222222,0.2,1.0,0.7241379310344828,40.98,MEDIUM,"Heavy traffic volume, Unsafe speed pattern"
214,1,Barakholi Chowk,21.126912317135268,79.11454086912397,3064,52,4,85,3,0,3,0,12,0.5696767001114827,0.4444444444444444,0.8426966292134831,0.2222222222222222,0.0,0.6,0.41379310344827586,47.84,MEDIUM,High pedestrian density
215,1,Bhim Chowk,21.185461506561705,79.02101697636496,2975,29,3,75,2,3,2,1,11,0.5498327759197325,0.3333333333333333,0.7303370786516854,0.1111111111111111,0.6,0.4,0.3793103448275862,42.41,MEDIUM,High pedestrian density
216,2,Khobragade Chowk,21.128469890499616,79.13027019638469,4110,35,3,87,7,3,4,1,5,0.8028985507246377,0.3333333333333333,0.8651685393258427,0.6666666666666666,0.6,0.8,0.1724137931034483,57.76,MEDIUM,"Heavy traffic volume, High pedestrian density"
217,1,Jaripatka Bazar,21.139047963779113,79.07311467973743,4755,49,6,31,9,5,3,1,9,0.946711259754738,0.6666666666666666,0.23595505617977527,0.8888888888888888,1.0,0.6,0.3103448275862069,66.91,MEDIUM,"Heavy traffic volume, High congestion, Weather-related risk"
218,1,Itarsi Pulia,21.189578968614164,79.1341828340341,3323,67,4,40,4,0,3,0,27,0.6274247491638796,0.4444444444444444,0.33707865168539325,0.3333333333333333,0.0,0.6,0.9310344827586207,48.25,MEDIUM,Unsafe speed pattern
219,1,Patankar Chowk,21.177955947885668,79.11997828839209,2235,67,9,32,5,2,3,0,27,0.38483835005574135,1.0,0.24719101123595505,0.4444444444444444,0.4,0.6,0.9310344827586207,62.38,MEDIUM,"High incident risk, Unsafe speed pattern"
220,2,KapilNagar Chowk,21.201906809259302,79.06378202567039,2085,60,3,57,3,1,3,0,20,0.35139353400222967,0.3333333333333333,0.5280898876404494,0.2222222222222222,0.2,0.6,0.6896551724137931,39.18,LOW,No major risk factors
221,1,Kamgar Nagar Chowk,21.178913547076043,79.00337039624802,566,66,2,29,9,2,2,0,26,0.012709030100334449,0.2222222222222222,0.21348314606741572,0.8888888888888888,0.4,0.4,0.896551724137931,36.42,LOW,"High congestion, Unsafe speed pattern"
222,2,Automotive Chowk,21.168197032400258,79.04030160390774,3561,28,3,47,4,3,4,0,12,0.6804905239687848,0.3333333333333333,0.4157303370786517,0.3333333333333333,0.6,0.8,0.41379310344827586,45.98,MEDIUM,No major risk factors
223,1,Bokhara to chakki Khapa road,21.111240972139374,79.08124513219913,2928,50,2,64,5,1,4,0,10,0.5393534002229654,0.2222222222222222,0.6067415730337079,0.4444444444444444,0.2,0.8,0.3448275862068966,41.67,MEDIUM,No major risk factors
224,1,Lonara road,21.144125896367132,79.09502173297392,4653,26,5,77,1,4,0,0,14,0.9239687848383501,0.5555555555555556,0.7528089887640449,0.0,0.8,0.0,0.4827586206896552,55.27,MEDIUM,"Heavy traffic volume, High pedestrian density, Weather-related risk"
225,1,Koradi naka,21.13182428412181,79.03868315281498,841,31,4,88,2,3,3,1,9,0.07402452619843924,0.4444444444444444,0.8764044943820225,0.1111111111111111,0.6,0.6,0.3103448275862069,38.73,LOW,High pedestrian density
226,1,koradi mandir T point,21.12927875720549,79.02090341111092,3274,53,3,97,9,2,3,0,13,0.6164994425863991,0.3333333333333333,0.9775280898876404,0.8888888888888888,0.4,0.6,0.4482758620689655,59.81,MEDIUM,"High congestion, High pedestrian density"
227,1,Karemore Complex Chowk,21.216761266570295,79.1252395355199,3317,23,5,98,2,2,0,0,17,0.6260869565217392,0.5555555555555556,0.9887640449438202,0.1111111111111111,0.4,0.0,0.5862068965517241,53.55,MEDIUM,High pedestrian density
228,1,Mordern School near Goyal Kirana Stores,21.147171726960014,79.14766032710553,3161,49,3,10,5,5,4,0,9,0.591304347826087,0.3333333333333333,0.0,0.4444444444444444,1.0,0.8,0.3103448275862069,40.6,MEDIUM,Weather-related risk
229,1,Arya Nagar Chowk,21.207045586621255,79.0788535273454,1732,27,1,16,8,2,1,0,13,0.2726867335562988,0.1111111111111111,0.06741573033707865,0.7777777777777778,0.4,0.2,0.4482758620689655,28.95,LOW,High congestion
230,1,Faras gate square,21.175736635119673,79.02575189287724,4374,29,3,66,3,0,5,0,11,0.8617614269788183,0.3333333333333333,0.6292134831460674,0.2222222222222222,0.0,1.0,0.3793103448275862,48.8,MEDIUM,Heavy traffic volume
231,1,Mankapur square,21.195377356425,79.04084609897791,2901,32,7,21,6,3,1,1,8,0.5333333333333333,0.7777777777777778,0.12359550561797752,0.5555555555555556,0.6,0.2,0.27586206896551724,50.95,MEDIUM,High incident risk
232,2,Mankapur Kalpana Talkies Chowk In Front of Krida Sankul,21.160316451172623,79.00275860148211,1994,65,3,14,4,1,4,0,25,0.3311036789297659,0.3333333333333333,0.0449438202247191,0.3333333333333333,0.2,0.8,0.8620689655172413,35.92,LOW,Unsafe speed pattern
233,1,Zingabai Takli Zenda Chowk,21.169228466155165,79.13714482098408,4711,47,2,59,7,2,3,1,7,0.9369007803790412,0.2222222222222222,0.550561797752809,0.6666666666666666,0.4,0.6,0.2413793103448276,51.08,MEDIUM,Heavy traffic volume
234,1,Shrikrishna Mangal Karyalaya Godhni Road,21.159102123258265,79.01766266243352,1161,20,5,51,10,5,1,0,20,0.14537346711259755,0.5555555555555556,0.4606741573033708,1.0,1.0,0.2,0.6896551724137931,54.38,MEDIUM,"High congestion, Weather-related risk"
235,1,Godhni Toll Naka,21.123429158535767,79.08647747132714,4383,41,2,21,3,5,2,1,1,0.863768115942029,0.2222222222222222,0.12359550561797752,0.2222222222222222,1.0,0.4,0.034482758620689655,36.47,LOW,"Heavy traffic volume, Weather-related risk"
236,1,Zingabai Takli Shafi Nagar Chowk,21.186694253831384,79.04110828310309,4119,37,4,27,6,2,2,1,3,0.8049052396878483,0.4444444444444444,0.19101123595505617,0.5555555555555556,0.4,0.4,0.10344827586206896,45.66,MEDIUM,Heavy traffic volume
237,1,Sadikabad T-Point Mankapur,21.133692683492903,79.08312670037736,2368,41,1,75,10,0,0,1,1,0.4144927536231884,0.1111111111111111,0.7303370786516854,1.0,0.0,0.0,0.034482758620689655,37.92,LOW,"High congestion, High pedestrian density"
238,1,Gorewada Chungi naka Pithesur Raod,21.102917915971776,79.09771305825278,2834,48,3,83,9,5,4,1,8,0.5183946488294314,0.3333333333333333,0.8202247191011236,0.8888888888888888,1.0,0.8,0.27586206896551724,57.76,MEDIUM,"High congestion, High pedestrian density, Weather-related risk"
239,1,Baba Farid Nagar under the over bridge Koradi Road,21.17745667550886,79.12446127055608,3874,60,8,88,10,1,4,1,20,0.750278706800446,0.8888888888888888,0.8764044943820225,1.0,0.2,0.8,0.6896551724137931,81.71,HIGH,"High incident risk, Heavy traffic volume, High congestion, High pedestrian density"
240,1,Mahatma Phule Chowk Godhani Village,21.121253281528848,79.03096319076408,1516,52,3,26,1,3,1,1,12,0.22452619843924193,0.3333333333333333,0.1797752808988764,0.0,0.6,0.2,0.41379310344827586,25.33,LOW,No major risk factors
241,1,Godhani Railway Station,21.212855030122352,79.00164937429878,4906,28,5,77,3,4,3,0,12,0.9803790412486064,0.5555555555555556,0.7528089887640449,0.2222222222222222,0.8,0.6,0.41379310344827586,62.04,MEDIUM,"Heavy traffic volume, High pedestrian density, Weather-related risk"
242,2,Old  Hospital building in Queta colony,21.214471429240312,79.02053284451033,707,50,6,80,2,0,4,0,10,0.04414715719063545,0.6666666666666666,0.7865168539325843,0.1111111111111111,0.0,0.8,0.3448275862068966,41.8,MEDIUM,High pedestrian density
243,2,Telephone Exchange chowk,21.209783726826455,79.13500279627722,3165,67,5,71,8,5,1,0,27,0.592196209587514,0.5555555555555556,0.6853932584269663,0.7777777777777778,1.0,0.2,0.9310344827586207,65.77,MEDIUM,"High congestion, Unsafe speed pattern, Weather-related risk"
244,2,Sarda chowk,21.144419044030656,79.13108351163437,2993,22,4,50,7,3,1,0,18,0.5538461538461539,0.4444444444444444,0.449438202247191,0.6666666666666666,0.6,0.2,0.6206896551724138,51.36,MEDIUM,No major risk factors
245,1,Mahavir chowk,21.101854793983467,79.08961196532555,1132,49,3,43,2,4,5,0,9,0.13890746934225195,0.3333333333333333,0.3707865168539326,0.1111111111111111,0.8,1.0,0.3103448275862069,32.11,LOW,Weather-related risk
246,2,Vaishno Devi chowk,21.21139822751053,79.09007752906504,2602,33,4,79,6,2,5,0,7,0.4666666666666667,0.4444444444444444,0.7752808988764045,0.5555555555555556,0.4,1.0,0.2413793103448276,52.04,MEDIUM,High pedestrian density
247,1,Darodkar chowk,21.15138209779808,79.09975550118193,3459,44,0,54,3,2,4,1,4,0.6577480490523969,0.0,0.4943820224719101,0.2222222222222222,0.4,0.8,0.13793103448275862,31.28,LOW,No major risk factors
248,1,Chandrashekhar Azad chowk,21.21599857828524,79.02630569179352,3583,28,8,67,8,1,1,1,12,0.6853957636566332,0.8888888888888888,0.6404494382022472,0.7777777777777778,0.2,0.2,0.41379310344827586,67.79,MEDIUM,"High incident risk, High congestion"
249,1,Kolba  Swami chowk,21.21563439725071,79.13716179188874,2431,34,2,60,10,4,0,0,6,0.4285395763656633,0.2222222222222222,0.5617977528089888,1.0,0.8,0.0,0.20689655172413793,44.73,MEDIUM,"High congestion, Weather-related risk"
250,1,Ambedkar Chowk,21.202361134656083,79.0628155787338,4219,63,4,43,3,2,0,0,23,0.8272017837235228,0.4444444444444444,0.3707865168539326,0.2222222222222222,0.4,0.0,0.7931034482758621,48.7,MEDIUM,"Heavy traffic volume, Unsafe speed pattern"
251,1,Day To Day chowk,21.135333867048352,79.05747077923742,3062,39,0,53,10,2,5,1,1,0.5692307692307692,0.0,0.48314606741573035,1.0,0.4,1.0,0.034482758620689655,40.98,MEDIUM,High congestion
252,2,Prajapati chowk,21.14621172743223,79.07783765579242,2179,54,1,24,9,5,4,0,14,0.37235228539576365,0.1111111111111111,0.15730337078651685,0.8888888888888888,1.0,0.8,0.4827586206896552,40.3,MEDIUM,"High congestion, Weather-related risk"
253,1,Sukhsagar Apartment,21.202136400582024,79.00704489501626,736,38,7,87,1,1,3,1,2,0.050613154960981045,0.7777777777777778,0.8651685393258427,0.0,0.2,0.6,0.06896551724137931,42.01,MEDIUM,"High incident risk, High pedestrian density"
254,2,Power House Chowk,21.138030640618755,79.02494250531342,4943,28,4,79,5,3,0,0,12,0.988628762541806,0.4444444444444444,0.7752808988764045,0.4444444444444444,0.6,0.0,0.41379310344827586,58.54,MEDIUM,"Heavy traffic volume, High pedestrian density"
255,2,Sudarshan Chowk,21.120339129602332,79.11070504246396,2040,40,5,59,3,2,0,0,0,0.34136008918617616,0.5555555555555556,0.550561797752809,0.2222222222222222,0.4,0.0,0.0,37.09,LOW,No major risk factors
256,1,Sunil Hotel Chowk,21.166816151495002,79.01241980018877,4443,52,1,41,6,0,5,0,12,0.8771460423634336,0.1111111111111111,0.34831460674157305,0.5555555555555556,0.0,1.0,0.41379310344827586,43.57,MEDIUM,Heavy traffic volume
257,1,Juna Motor Stand Chowk,21.212338572899295,79.09047281641996,863,37,5,76,10,0,5,1,3,0.07892976588628763,0.5555555555555556,0.7415730337078652,1.0,0.0,1.0,0.10344827586206896,50.4,MEDIUM,"High congestion, High pedestrian density"
258,1,Balaji Mandir Chowk,21.183523575600997,79.03680236645219,2868,36,1,12,2,3,4,0,4,0.5259754738015607,0.1111111111111111,0.02247191011235955,0.1111111111111111,0.6,0.8,0.13793103448275862,24.24,LOW,No major risk factors
259,2,Masurkar Chowk,21.168407340410724,79.0583943421063,785,62,2,95,9,4,5,0,22,0.06153846153846154,0.2222222222222222,0.9550561797752809,0.8888888888888888,0.8,1.0,0.7586206896551724,52.14,MEDIUM,"High congestion, High pedestrian density, Unsafe speed pattern, Weather-related risk"
260,1,Vande Materam Chowk,21.111661179252494,79.04330406051561,648,33,1,95,6,1,2,0,7,0.030992196209587514,0.1111111111111111,0.9550561797752809,0.5555555555555556,0.2,0.4,0.2413793103448276,32.03,LOW,High pedestrian density
261,1,Nehru Putla Chowk,21.1738008672039,79.05335090746975,4537,60,4,83,7,5,1,0,20,0.8981047937569677,0.4444444444444444,0.8202247191011236,0.6666666666666666,1.0,0.2,0.6896551724137931,66.5,MEDIUM,"Heavy traffic volume, High pedestrian density, Weather-related risk"
263,1,Premnagar Zenda Chowk,21.218806462012513,79.10785688577764,2266,65,3,60,5,0,0,1,25,0.39175027870680046,0.3333333333333333,0.5617977528089888,0.4444444444444444,0.0,0.0,0.8620689655172413,41.55,MEDIUM,Unsafe speed pattern
264,1,Shantinagar Ghat Chowk,21.116810081828383,79.04456825734347,1512,17,1,76,9,0,2,1,23,0.22363433667781493,0.1111111111111111,0.7415730337078652,0.8888888888888888,0.0,0.4,0.7931034482758621,42.19,MEDIUM,"High congestion, High pedestrian density, Unsafe speed pattern"
265,1,Ratan Tower,21.16219955828365,79.08496069604453,3331,56,3,85,1,3,3,0,16,0.6292084726867335,0.3333333333333333,0.8426966292134831,0.0,0.6,0.6,0.5517241379310345,46.74,MEDIUM,High pedestrian density
266,2,Gangabai Ghat Chowk,21.205284768631355,79.07140756032986,3007,33,2,57,5,4,2,0,7,0.5569676700111482,0.2222222222222222,0.5280898876404494,0.4444444444444444,0.8,0.4,0.2413793103448276,40.81,MEDIUM,Weather-related risk
267,2,Hiwri Nagar Chowk,21.188892234130506,79.09955067480439,2023,23,2,26,10,4,4,0,17,0.3375696767001115,0.2222222222222222,0.1797752808988764,1.0,0.8,0.8,0.5862068965517241,44.98,MEDIUM,"High congestion, Weather-related risk"
268,1,Marwadi Chowk,21.183641888919432,79.14052446089872,3285,42,1,16,6,3,3,1,2,0.6189520624303233,0.1111111111111111,0.06741573033707865,0.5555555555555556,0.6,0.6,0.06896551724137931,31.75,LOW,No major risk factors
269,1,Zade Chowk,21.184298090078453,79.10988581458153,3056,34,3,22,7,0,3,1,6,0.5678929765886288,0.3333333333333333,0.1348314606741573,0.6666666666666666,0.0,0.6,0.20689655172413793,38.45,LOW,No major risk factors
270,2,Sevasadan chowk,21.14313893814637,79.0322410567886,4225,59,2,75,4,1,5,0,19,0.8285395763656633,0.2222222222222222,0.7303370786516854,0.3333333333333333,0.2,1.0,0.6551724137931034,51.74,MEDIUM,"Heavy traffic volume, High pedestrian density"
271,2,Agrasen chowk,21.13523102131174,79.0046774702592,2101,21,3,13,1,0,2,1,19,0.35496098104793755,0.3333333333333333,0.033707865168539325,0.0,0.0,0.4,0.6551724137931034,26.16,LOW,No major risk factors
272,1,Sona Restorent chowk,21.197123338657423,79.03933960664497,2908,28,3,19,8,4,4,0,12,0.5348940914158306,0.3333333333333333,0.10112359550561797,0.7777777777777778,0.8,0.8,0.41379310344827586,46.02,MEDIUM,"High congestion, Weather-related risk"
273,1,Golibar chowk,21.197213607361505,79.08926168960504,840,23,5,97,10,5,0,1,17,0.0738015607580825,0.5555555555555556,0.9775280898876404,1.0,1.0,0.0,0.5862068965517241,58.67,MEDIUM,"High congestion, High pedestrian density, Weather-related risk"
274,2,Gitanjali chowk,21.204048678229615,79.00771387202263,3317,69,6,26,4,0,5,1,29,0.6260869565217392,0.6666666666666666,0.1797752808988764,0.3333333333333333,0.0,1.0,1.0,55.22,MEDIUM,Unsafe speed pattern
275,2,Meyo Chowk,21.209588866306778,79.07445493708019,2996,33,3,61,3,1,2,1,7,0.5545150501672241,0.3333333333333333,0.5730337078651685,0.2222222222222222,0.2,0.4,0.2413793103448276,38.43,LOW,No major risk factors
276,1,Dosar Bhavan Chowk,21.161361087863312,79.08952642733753,2225,61,5,15,7,2,0,1,21,0.3826086956521739,0.5555555555555556,0.056179775280898875,0.6666666666666666,0.4,0.0,0.7241379310344828,44.4,MEDIUM,Unsafe speed pattern
277,1,Tanga Stand Chowk,21.160181955362464,79.05013658362255,2189,66,2,92,2,0,2,0,26,0.3745819397993311,0.2222222222222222,0.9213483146067416,0.1111111111111111,0.0,0.4,0.896551724137931,40.61,MEDIUM,"High pedestrian density, Unsafe speed pattern"
278,1,Sahid Chowk,21.195795421476014,79.11563683056187,3767,28,2,78,8,3,5,1,12,0.7264214046822742,0.2222222222222222,0.7640449438202247,0.7777777777777778,0.6,1.0,0.41379310344827586,56.46,MEDIUM,"Heavy traffic volume, High congestion, High pedestrian density"
279,1,Nikalas Mandir Chowk,21.177995671693335,79.01598973797006,4906,52,4,83,6,2,0,0,12,0.9803790412486064,0.4444444444444444,0.8202247191011236,0.5555555555555556,0.4,0.0,0.41379310344827586,59.72,MEDIUM,"Heavy traffic volume, High pedestrian density"
280,1,Bharat Mata Chowk,21.184236025270927,79.01127066726038,761,67,3,18,7,3,5,0,27,0.05618729096989967,0.3333333333333333,0.0898876404494382,0.6666666666666666,0.6,1.0,0.9310344827586207,39.78,LOW,Unsafe speed pattern
281,1,Tinal Chowk,21.195495120332332,79.10922831343053,1942,50,2,86,5,3,2,0,10,0.31950947603121516,0.2222222222222222,0.8539325842696629,0.4444444444444444,0.6,0.4,0.3448275862068966,40.98,MEDIUM,High pedestrian density
282,1,Ganjakhet Chowk,21.20680064101811,79.07432369743093,905,54,1,92,9,3,3,1,14,0.0882943143812709,0.1111111111111111,0.9213483146067416,0.8888888888888888,0.6,0.6,0.4827586206896552,43.08,MEDIUM,"High congestion, High pedestrian density"
283,1,Timki Tin Khamba,21.140559418822185,79.10326035946416,2690,31,5,30,5,0,1,0,9,0.4862876254180602,0.5555555555555556,0.2247191011235955,0.4444444444444444,0.0,0.2,0.3103448275862069,40.53,MEDIUM,No major risk factors
284,1,Mominpura Chowk,21.145069954316796,79.06522410079056,4937,44,3,33,5,4,3,0,4,0.9872909698996656,0.3333333333333333,0.25842696629213485,0.4444444444444444,0.8,0.6,0.13793103448275862,48.67,MEDIUM,"Heavy traffic volume, Weather-related risk"
285,1,Bhankheda Ambedkar Putla,21.111277832780907,79.03696030498587,743,23,4,13,3,2,5,0,17,0.05217391304347826,0.4444444444444444,0.033707865168539325,0.2222222222222222,0.4,1.0,0.5862068965517241,31.08,LOW,No major risk factors
286,1,Gurd Line Chowk,21.169393616919542,79.12286534765113,4607,47,1,33,1,1,5,0,7,0.9137123745819398,0.1111111111111111,0.25842696629213485,0.0,0.2,1.0,0.2413793103448276,33.9,LOW,Heavy traffic volume
287,2,Bhagwaghar Chowk,21.10431307285561,79.11991238184535,1060,66,3,68,2,4,5,0,26,0.12285395763656633,0.3333333333333333,0.651685393258427,0.1111111111111111,0.8,1.0,0.896551724137931,41.86,MEDIUM,"Unsafe speed pattern, Weather-related risk"
288,1,Lal Imli Chowk,21.155871762175895,79.10420447062816,4637,39,4,12,8,0,0,1,1,0.9204013377926421,0.4444444444444444,0.02247191011235955,0.7777777777777778,0.0,0.0,0.034482758620689655,44.09,MEDIUM,"Heavy traffic volume, High congestion"
289,1,Sut Market,21.16511735616491,79.0408217705845,3225,28,2,77,1,3,4,1,12,0.6055741360089186,0.2222222222222222,0.7528089887640449,0.0,0.6,0.8,0.41379310344827586,41.21,MEDIUM,High pedestrian density
290,1,Nanga putla Chowk,21.134384950255395,79.08853460003036,1093,25,2,49,7,1,5,0,15,0.1302118171683389,0.2222222222222222,0.43820224719101125,0.6666666666666666,0.2,1.0,0.5172413793103449,37.02,LOW,No major risk factors
291,1,City Post Office Itwari,21.170899991268282,79.054146084541,2326,67,2,57,5,2,3,1,27,0.40512820512820513,0.2222222222222222,0.5280898876404494,0.4444444444444444,0.4,0.6,0.9310344827586207,43.67,MEDIUM,Unsafe speed pattern
292,1,Memon Jamat Bangali panja,21.10366002999269,79.01373731099899,3729,49,4,63,3,4,1,1,9,0.717948717948718,0.4444444444444444,0.5955056179775281,0.2222222222222222,0.8,0.2,0.3103448275862069,48.06,MEDIUM,"Heavy traffic volume, Weather-related risk"
293,1,Timki Dadra Pul,21.104481782649906,79.13759703631933,3787,55,5,44,7,5,5,0,15,0.7308807134894092,0.5555555555555556,0.38202247191011235,0.6666666666666666,1.0,1.0,0.5172413793103449,62.19,MEDIUM,"Heavy traffic volume, Weather-related risk"
294,1,Resham oli Bohara Masjid,21.19871206727916,79.02052279463784,4573,28,2,65,9,4,5,1,12,0.9061315496098105,0.2222222222222222,0.6179775280898876,0.8888888888888888,0.8,1.0,0.41379310344827586,60.53,MEDIUM,"Heavy traffic volume, High congestion, Weather-related risk"
295,2,C.A. Road Gandhi square,21.143222876969354,79.14253560307311,633,44,2,98,2,1,5,1,4,0.027647714604236342,0.2222222222222222,0.9887640449438202,0.1111111111111111,0.2,1.0,0.13793103448275862,31.1,LOW,High pedestrian density
296,1,Badkas square,21.115247261518228,79.0669008659437,3638,55,4,49,8,0,0,0,15,0.6976588628762542,0.4444444444444444,0.43820224719101125,0.7777777777777778,0.0,0.0,0.5172413793103449,50.7,MEDIUM,High congestion
297,1,Chitanawis park square,21.16266919120658,79.0277699393258,4419,18,0,86,9,2,5,0,22,0.8717948717948718,0.0,0.8539325842696629,0.8888888888888888,0.4,1.0,0.7586206896551724,58.16,MEDIUM,"Heavy traffic volume, High congestion, High pedestrian density, Unsafe speed pattern"
298,2,Aaychit Mandir bus stop,21.192399226371833,79.08128514210675,572,18,3,77,3,1,3,1,22,0.014046822742474917,0.3333333333333333,0.7528089887640449,0.2222222222222222,0.2,0.6,0.7586206896551724,36.49,LOW,"High pedestrian density, Unsafe speed pattern"
299,1,Zenda chowk,21.12589852329962,79.13094187538147,4994,42,0,55,2,3,2,0,2,1.0,0.0,0.5056179775280899,0.1111111111111111,0.6,0.4,0.06896551724137931,34.94,LOW,Heavy traffic volume
300,1,Gandhi Gate,21.17474685709828,79.10983373296143,4725,22,2,87,7,2,4,0,18,0.9400222965440357,0.2222222222222222,0.8651685393258427,0.6666666666666666,0.4,0.8,0.6206896551724138,60.65,MEDIUM,"Heavy traffic volume, High pedestrian density"
301,1,Ram cooler square,21.110241695799253,79.12098417217922,3478,16,2,22,5,4,5,0,24,0.6619843924191751,0.2222222222222222,0.1348314606741573,0.4444444444444444,0.8,1.0,0.8275862068965517,45.87,MEDIUM,"Unsafe speed pattern, Weather-related risk"
302,2,C.P. & Berar square,21.106201806540234,79.09881750500661,4861,55,1,36,5,1,0,0,15,0.9703455964325529,0.1111111111111111,0.29213483146067415,0.4444444444444444,0.2,0.0,0.5172413793103449,39.96,LOW,Heavy traffic volume
303,2,Apsara square,21.16376255578818,79.10384148467767,2485,60,4,15,10,4,3,1,20,0.4405797101449275,0.4444444444444444,0.056179775280898875,1.0,0.8,0.6,0.6896551724137931,51.88,MEDIUM,"High congestion, Weather-related risk"
304,2,Bhola Ganesh chowk,21.164876214593214,79.1273793477348,1292,36,5,26,5,4,5,0,4,0.1745819397993311,0.5555555555555556,0.1797752808988764,0.4444444444444444,0.8,1.0,0.13793103448275862,39.9,LOW,Weather-related risk
305,1,Gajanan square,21.176491588179786,79.03745020132888,4759,55,1,45,4,4,0,0,15,0.947603121516165,0.1111111111111111,0.39325842696629215,0.3333333333333333,0.8,0.0,0.5172413793103449,42.36,MEDIUM,"Heavy traffic volume, Weather-related risk"
306,1,Tiranga square,21.18713096004672,79.07341374454647,594,69,4,90,5,0,2,0,29,0.0189520624303233,0.4444444444444444,0.898876404494382,0.4444444444444444,0.0,0.4,1.0,45.86,MEDIUM,"High pedestrian density, Unsafe speed pattern"
307,1,Nandanwan cement road,21.217102249535504,79.03318141627294,1633,30,0,11,4,4,1,0,10,0.250613154960981,0.0,0.011235955056179775,0.3333333333333333,0.8,0.2,0.3448275862068966,18.63,LOW,Weather-related risk
308,1,Old shukrawari Gandhi statue,21.161956041796145,79.1481502011995,737,43,6,86,6,3,5,0,3,0.050836120401337795,0.6666666666666666,0.8539325842696629,0.5555555555555556,0.6,1.0,0.10344827586206896,51.19,MEDIUM,High pedestrian density
309,2,Mahal square,21.13875477675295,79.14160890095299,3446,63,5,61,4,3,3,0,23,0.6548494983277592,0.5555555555555556,0.5730337078651685,0.3333333333333333,0.6,0.6,0.7931034482758621,57.29,MEDIUM,Unsafe speed pattern
310,1,Kalyaneshwar Mandir,21.195422343372247,79.00591402170528,3030,62,1,75,2,2,0,1,22,0.5620958751393534,0.1111111111111111,0.7303370786516854,0.1111111111111111,0.4,0.0,0.7586206896551724,36.78,LOW,"High pedestrian density, Unsafe speed pattern"
311,1,Matru seva sangha hospital,21.13249987015145,79.10583627587735,2460,44,5,61,9,5,0,0,4,0.43500557413600893,0.5555555555555556,0.5730337078651685,0.8888888888888888,1.0,0.0,0.13793103448275862,53.67,MEDIUM,"High congestion, Weather-related risk"
312,1,S.D. Hospital square,21.15267657048468,79.13878724761236,1548,26,1,52,2,4,5,0,14,0.23166109253065775,0.1111111111111111,0.47191011235955055,0.1111111111111111,0.8,1.0,0.4827586206896552,30.54,LOW,Weather-related risk
313,1,Mahawir Gardan,21.109414765761073,79.0270863017691,3029,49,4,99,9,4,0,0,9,0.5618729096989966,0.4444444444444444,1.0,0.8888888888888888,0.8,0.0,0.3103448275862069,60.01,MEDIUM,"High congestion, High pedestrian density, Weather-related risk"
314,1,Bhosla wed school,21.103042089209858,79.08519178458289,3464,25,2,31,10,1,1,0,15,0.6588628762541806,0.2222222222222222,0.23595505617977527,1.0,0.2,0.2,0.5172413793103449,45.56,MEDIUM,High congestion
315,1,Manepura square,21.21551780976135,79.13732324463821,1463,60,1,64,6,0,0,0,20,0.21270903010033446,0.1111111111111111,0.6067415730337079,0.5555555555555556,0.0,0.0,0.6896551724137931,31.92,LOW,No major risk factors
316,2,Jagnade square,21.200317614461465,79.00509189678787,1036,64,3,76,9,5,4,0,24,0.11750278706800446,0.3333333333333333,0.7415730337078652,0.8888888888888888,1.0,0.8,0.8275862068965517,54.08,MEDIUM,"High congestion, High pedestrian density, Unsafe speed pattern, Weather-related risk"
317,1,Mahila mahavidyalaya square,21.183516904731245,79.10461304008703,4723,35,3,69,9,2,4,1,5,0.9395763656633221,0.3333333333333333,0.6629213483146067,0.8888888888888888,0.4,0.8,0.1724137931034483,59.79,MEDIUM,"Heavy traffic volume, High congestion"
318,1,Chitrs talkies gate,21.149074353329713,79.04460235110588,4179,35,6,67,3,5,0,0,5,0.8182831661092531,0.6666666666666666,0.6404494382022472,0.2222222222222222,1.0,0.0,0.1724137931034483,56.03,MEDIUM,"Heavy traffic volume, Weather-related risk"
319,1,Empress Mill T-point,21.120795318408504,79.13865942930649,4687,19,0,21,1,4,5,1,21,0.9315496098104794,0.0,0.12359550561797752,0.0,0.8,1.0,0.7241379310344828,36.73,LOW,"Heavy traffic volume, Unsafe speed pattern, Weather-related risk"
320,1,Backside of ST stand Main Gate ST Bus Stand,21.11877244512053,79.1456587367748,4224,62,3,97,1,1,4,0,22,0.8283166109253066,0.3333333333333333,0.9775280898876404,0.0,0.2,0.8,0.7586206896551724,53.82,MEDIUM,"Heavy traffic volume, High pedestrian density, Unsafe speed pattern"
321,1,Mokshdham Ghat,21.13002914777975,79.14163997336702,1042,34,5,78,3,0,3,1,6,0.11884057971014493,0.5555555555555556,0.7640449438202247,0.2222222222222222,0.0,0.6,0.20689655172413793,38.91,LOW,High pedestrian density
322,1,Underbridge near Vijay Talkies,21.165907199764735,79.07113213249862,1345,51,1,93,5,2,4,0,11,0.18639910813823857,0.1111111111111111,0.9325842696629213,0.4444444444444444,0.4,0.8,0.3793103448275862,37.51,LOW,High pedestrian density
323,2,Cotton Market chowk,21.18575151072401,79.12930639764839,4103,17,3,48,3,5,0,1,23,0.8013377926421404,0.3333333333333333,0.42696629213483145,0.2222222222222222,1.0,0.0,0.7931034482758621,48.7,MEDIUM,"Heavy traffic volume, Unsafe speed pattern, Weather-related risk"
324,1,Agyaram Devi chowk,21.17922368520613,79.12668240978026,3536,58,4,22,9,2,5,0,18,0.6749163879598662,0.4444444444444444,0.1348314606741573,0.8888888888888888,0.4,1.0,0.6206896551724138,55.39,MEDIUM,High congestion
325,2,Jadhav chowk,21.133592067633515,79.04786507098649,2994,47,2,50,9,4,2,0,7,0.5540691192865106,0.2222222222222222,0.449438202247191,0.8888888888888888,0.8,0.4,0.2413793103448276,46.24,MEDIUM,"High congestion, Weather-related risk"
326,2,North Side of Baidhnath Chowk,21.214583833679583,79.1243373211226,4985,67,3,66,3,2,5,0,27,0.9979933110367893,0.3333333333333333,0.6292134831460674,0.2222222222222222,0.4,1.0,0.9310344827586207,59.04,MEDIUM,"Heavy traffic volume, Unsafe speed pattern"
327,1,North Side of Cotton Market Chowk,21.188547630003495,79.00555114520732,3219,23,7,62,3,1,5,1,17,0.6042363433667781,0.7777777777777778,0.5842696629213483,0.2222222222222222,0.2,1.0,0.5862068965517241,59.38,MEDIUM,High incident risk
328,1,North Side of Gandhisagar,21.16652248630137,79.08944048177231,2384,23,1,21,5,2,5,0,17,0.4180602006688963,0.1111111111111111,0.12359550561797752,0.4444444444444444,0.4,1.0,0.5862068965517241,33.08,LOW,No major risk factors
329,1,South Side of Gandhisagar,21.173406489548125,79.03450132559315,4638,18,3,22,2,3,3,0,22,0.9206243032329989,0.3333333333333333,0.1348314606741573,0.1111111111111111,0.6,0.6,0.7586206896551724,45.69,MEDIUM,"Heavy traffic volume, Unsafe speed pattern"
330,1,West Side of  Gandhisagar,21.150352007491335,79.0180850328666,4849,49,3,83,6,1,1,1,9,0.967670011148272,0.3333333333333333,0.8202247191011236,0.5555555555555556,0.2,0.2,0.3103448275862069,55.09,MEDIUM,"Heavy traffic volume, High pedestrian density"
331,1,East Side of Gandhisagar,21.129727718740142,79.01154298024439,3701,31,1,66,7,5,0,0,9,0.711705685618729,0.1111111111111111,0.6292134831460674,0.6666666666666666,1.0,0.0,0.3103448275862069,45.11,MEDIUM,"Heavy traffic volume, Weather-related risk"
332,1,Railway Station East Gate,21.142716721438152,79.10444331638172,3210,48,1,49,9,0,1,1,8,0.6022296544035675,0.1111111111111111,0.43820224719101125,0.8888888888888888,0.0,0.2,0.27586206896551724,39.04,LOW,High congestion
333,1,Santra Market,21.190941533255724,79.05098124456521,2453,38,2,89,6,0,2,0,2,0.4334448160535117,0.2222222222222222,0.8876404494382022,0.5555555555555556,0.0,0.4,0.06896551724137931,39.67,LOW,High pedestrian density
334,1,Kapsi chowk,21.10172721863557,79.10871501572932,4350,46,2,54,3,4,1,1,6,0.8564102564102564,0.2222222222222222,0.4943820224719101,0.2222222222222222,0.8,0.2,0.20689655172413793,41.61,MEDIUM,"Heavy traffic volume, Weather-related risk"
335,1,Chikhali chowk,21.11392871686083,79.00980345111984,1189,15,6,44,5,4,0,0,25,0.1516164994425864,0.6666666666666666,0.38202247191011235,0.4444444444444444,0.8,0.0,0.8620689655172413,48.05,MEDIUM,"Unsafe speed pattern, Weather-related risk"
336,1,Kapsi Over Brig Kapsi Under Bridge,21.10552031704261,79.0472935506746,2450,22,1,12,4,3,0,0,18,0.43277591973244145,0.1111111111111111,0.02247191011235955,0.3333333333333333,0.6,0.0,0.6206896551724138,26.53,LOW,No major risk factors
337,2,Kapsi Under Bridge,21.104887456278277,79.0809236938563,956,59,3,14,5,5,2,0,19,0.09966555183946488,0.3333333333333333,0.0449438202247191,0.4444444444444444,1.0,0.4,0.6551724137931034,32.89,LOW,Weather-related risk
338,1,Outer Ring road Tarodi over bridge,21.202655270081323,79.11860847472585,2630,37,3,99,8,0,0,1,3,0.4729096989966555,0.3333333333333333,1.0,0.7777777777777778,0.0,0.0,0.10344827586206896,47.16,MEDIUM,"High congestion, High pedestrian density"
339,1,New Pardi Naka Bhandara road,21.184438943125603,79.04781287543982,4476,61,4,20,8,0,2,0,21,0.8845039018952062,0.4444444444444444,0.11235955056179775,0.7777777777777778,0.0,0.4,0.7241379310344828,53.62,MEDIUM,"Heavy traffic volume, High congestion, Unsafe speed pattern"
340,2,Pardi Bazar Hanuman Temple,21.15690085949048,79.09388370646555,4744,54,2,80,6,0,2,0,14,0.9442586399108138,0.2222222222222222,0.7865168539325843,0.5555555555555556,0.0,0.4,0.4827586206896552,52.51,MEDIUM,"Heavy traffic volume, High pedestrian density"
341,1,Bhandewadi Railway Station,21.111740099278123,79.13289666223542,1679,26,3,65,1,0,0,1,14,0.2608695652173913,0.3333333333333333,0.6179775280898876,0.0,0.0,0.0,0.4827586206896552,29.31,LOW,No major risk factors
342,1,Punapur Road Ghatate Nagar chowk,21.15899390501402,79.09237947822734,4785,68,4,19,8,2,4,0,28,0.9534002229654404,0.4444444444444444,0.10112359550561797,0.7777777777777778,0.4,0.8,0.9655172413793104,61.24,MEDIUM,"Heavy traffic volume, High congestion, Unsafe speed pattern"
343,1,Subhan Nagar near Hanuman Temple,21.15681661249367,79.03494392121304,4065,26,2,43,8,5,2,1,14,0.7928651059085842,0.2222222222222222,0.3707865168539326,0.7777777777777778,1.0,0.4,0.4827586206896552,51.58,MEDIUM,"Heavy traffic volume, High congestion, Weather-related risk"
344,1,Sharda chowk Netaji Nagar,21.120784224389205,79.00366011723348,1382,60,3,76,2,1,0,1,20,0.19464882943143813,0.3333333333333333,0.7415730337078652,0.1111111111111111,0.2,0.0,0.6896551724137931,34.58,LOW,High pedestrian density
345,1,Bharatwada Road Near Nagpure School chowk,21.15206219790856,79.13051483108514,899,61,2,81,4,1,4,1,21,0.08695652173913043,0.2222222222222222,0.797752808988764,0.3333333333333333,0.2,0.8,0.7241379310344828,37.61,LOW,"High pedestrian density, Unsafe speed pattern"
346,1,Bharatwada Y Point,21.147820568127685,79.00319041162756,1108,29,4,40,2,3,2,1,11,0.13355629877369007,0.4444444444444444,0.33707865168539325,0.1111111111111111,0.6,0.4,0.3793103448275862,31.52,LOW,No major risk factors
347,1,Bharatwada Chowk,21.173902011766266,79.13120525090262,2138,55,1,84,4,2,4,0,15,0.3632107023411371,0.1111111111111111,0.8314606741573034,0.3333333333333333,0.4,0.8,0.5172413793103449,39.24,LOW,High pedestrian density
348,2,Old Pardi Naka Chowk,21.17621123810412,79.07934057010408,2648,33,3,80,10,0,3,0,7,0.47692307692307695,0.3333333333333333,0.7865168539325843,1.0,0.0,0.6,0.2413793103448276,51.75,MEDIUM,"High congestion, High pedestrian density"
349,1,Bharat Nagar chowk,21.105436481172646,79.14086015477693,1882,40,5,75,7,0,5,1,0,0.3061315496098105,0.5555555555555556,0.7303370786516854,0.6666666666666666,0.0,1.0,0.0,48.74,MEDIUM,High pedestrian density
350,1,Kalamna Market chowk,21.144953513755176,79.11981748536606,1903,66,2,79,9,4,3,0,26,0.3108138238573021,0.2222222222222222,0.7752808988764045,0.8888888888888888,0.8,0.6,0.896551724137931,53.81,MEDIUM,"High congestion, High pedestrian density, Unsafe speed pattern, Weather-related risk"
351,1,Kalamna Railway Gate,21.17510318988571,79.14969011658,1319,43,4,50,8,4,4,0,3,0.1806020066889632,0.4444444444444444,0.449438202247191,0.7777777777777778,0.8,0.8,0.10344827586206896,44.39,MEDIUM,"High congestion, Weather-related risk"
352,1,Minimata Nagar chowk,21.160376351029612,79.05260677231776,3792,36,2,72,9,3,2,1,4,0.7319955406911929,0.2222222222222222,0.6966292134831461,0.8888888888888888,0.6,0.4,0.13793103448275862,51.47,MEDIUM,"Heavy traffic volume, High congestion"
353,1,Depty Signal Relway Gate,21.2027787809426,79.11507824333967,1319,54,1,41,8,0,0,0,14,0.1806020066889632,0.1111111111111111,0.34831460674157305,0.7777777777777778,0.0,0.0,0.4827586206896552,28.66,LOW,High congestion
354,1,Depty Signal Udta hanuman Chowk,21.179043235794275,79.0602896370414,919,35,3,29,2,3,1,1,5,0.09141583054626533,0.3333333333333333,0.21348314606741572,0.1111111111111111,0.6,0.2,0.1724137931034483,22.42,LOW,No major risk factors
355,1,Old Kamptee Road near Police chowky,21.119552131249772,79.07198134304559,4719,65,4,66,7,2,0,1,25,0.9386845039018952,0.4444444444444444,0.6292134831460674,0.6666666666666666,0.4,0.0,0.8620689655172413,62.17,MEDIUM,"Heavy traffic volume, Unsafe speed pattern"
356,1,Old Kamptee Road near Reliance Petrol pump,21.108468249688052,79.09412581948276,3802,52,7,59,2,1,1,1,12,0.7342251950947604,0.7777777777777778,0.550561797752809,0.1111111111111111,0.2,0.2,0.41379310344827586,54.08,MEDIUM,"High incident risk, Heavy traffic volume"
357,1,Dhargao Chowk,21.17709031338476,79.13105156712795,2008,34,4,89,2,0,1,1,6,0.3342251950947603,0.4444444444444444,0.8876404494382022,0.1111111111111111,0.0,0.2,0.20689655172413793,38.07,LOW,High pedestrian density
358,2,Vitabhatti chowk,21.103181357264997,79.1476125203799,1267,43,6,34,4,5,2,1,3,0.1690078037904125,0.6666666666666666,0.2696629213483146,0.3333333333333333,1.0,0.4,0.10344827586206896,40.46,MEDIUM,Weather-related risk
359,2,Kanji house chowk,21.170293069752816,79.11524101207968,2544,65,4,21,1,2,4,1,25,0.4537346711259755,0.4444444444444444,0.12359550561797752,0.0,0.4,0.8,0.8620689655172413,38.88,LOW,Unsafe speed pattern
360,1,Yashodhara chowk,21.212827628970995,79.0626650173251,2639,18,1,80,5,0,0,0,22,0.47491638795986624,0.1111111111111111,0.7865168539325843,0.4444444444444444,0.0,0.0,0.7586206896551724,38.88,LOW,"High pedestrian density, Unsafe speed pattern"
361,1,Vinoba Bhawe Nagar,21.169056901345108,79.06320355034156,3529,69,1,48,6,5,4,0,29,0.673355629877369,0.1111111111111111,0.42696629213483145,0.5555555555555556,1.0,0.8,1.0,50.54,MEDIUM,"Unsafe speed pattern, Weather-related risk"
362,1,Namdev Nagar,21.146580391144784,79.11063734523833,2049,21,7,26,9,4,3,1,19,0.3433667781493868,0.7777777777777778,0.1797752808988764,0.8888888888888888,0.8,0.6,0.6551724137931034,59.78,MEDIUM,"High incident risk, High congestion, Weather-related risk"
363,1,Shiv Arket Bhilgao,21.177194586213083,79.03581657186524,2264,42,4,54,10,3,2,1,2,0.391304347826087,0.4444444444444444,0.4943820224719101,1.0,0.6,0.4,0.06896551724137931,49.26,MEDIUM,High congestion
364,1,Nag Lock,21.154990346858984,79.01657111696971,3145,42,3,20,8,4,2,0,2,0.587736900780379,0.3333333333333333,0.11235955056179775,0.7777777777777778,0.8,0.4,0.06896551724137931,41.8,MEDIUM,"High congestion, Weather-related risk"
365,1,Tulsa lawn,21.165474014717912,79.05319332364611,4216,18,3,79,2,1,3,0,22,0.8265328874024526,0.3333333333333333,0.7752808988764045,0.1111111111111111,0.2,0.6,0.7586206896551724,51.41,MEDIUM,"Heavy traffic volume, High pedestrian density, Unsafe speed pattern"
366,1,Shivam Aparment,21.212975777053185,79.0430858487481,4981,36,3,32,1,4,0,0,4,0.9971014492753624,0.3333333333333333,0.24719101123595505,0.0,0.8,0.0,0.13793103448275862,39.03,LOW,"Heavy traffic volume, Weather-related risk"
367,1,Sajay Gandhi Nagar,21.146332316536093,79.0444462180684,2793,26,3,79,2,0,5,0,14,0.5092530657748049,0.3333333333333333,0.7752808988764045,0.1111111111111111,0.0,1.0,0.4827586206896552,43.31,MEDIUM,High pedestrian density
368,1,Panchwati Nagar,21.215342867658872,79.03504116265749,3208,59,1,47,7,5,3,1,19,0.6017837235228539,0.1111111111111111,0.4157303370786517,0.6666666666666666,1.0,0.6,0.6551724137931034,46.16,MEDIUM,Weather-related risk
369,1,Bohara Colony,21.208642077034728,79.00631397844545,1400,17,1,11,4,4,0,1,23,0.19866220735785953,0.1111111111111111,0.011235955056179775,0.3333333333333333,0.8,0.0,0.7931034482758621,24.41,LOW,"Unsafe speed pattern, Weather-related risk"
370,1,Jamdar Wadi,21.123494936174716,79.00268109021002,3584,36,3,95,10,0,1,0,4,0.68561872909699,0.3333333333333333,0.9550561797752809,1.0,0.0,0.2,0.13793103448275862,55.42,MEDIUM,"High congestion, High pedestrian density"
371,1,Shahu Mohalla,21.10832335610502,79.1481583584604,2509,58,0,93,5,1,2,0,18,0.4459308807134894,0.0,0.9325842696629213,0.4444444444444444,0.2,0.4,0.6206896551724138,38.78,LOW,High pedestrian density
372,1,Wandevi Nagar Chowk,21.112093360165293,79.06416597006037,741,16,3,98,7,5,0,0,24,0.05172798216276477,0.3333333333333333,0.9887640449438202,0.6666666666666666,1.0,0.0,0.8275862068965517,49.14,MEDIUM,"High pedestrian density, Unsafe speed pattern, Weather-related risk"
373,1,Pili Nadi Chowk,21.102186619078186,79.05764899707395,2885,38,3,88,3,4,4,1,2,0.5297658862876254,0.3333333333333333,0.8764044943820225,0.2222222222222222,0.8,0.8,0.06896551724137931,45.76,MEDIUM,"High pedestrian density, Weather-related risk"
374,1,Mehbubpura,21.111333155290712,79.10194709240396,4768,48,0,81,10,3,4,0,8,0.9496098104793756,0.0,0.797752808988764,1.0,0.6,0.8,0.27586206896551724,55.72,MEDIUM,"Heavy traffic volume, High congestion, High pedestrian density"
375,1,Raja Chowk,21.181960812809965,79.03273808317977,1171,41,2,46,2,3,2,0,1,0.147603121516165,0.2222222222222222,0.4044943820224719,0.1111111111111111,0.6,0.4,0.034482758620689655,22.7,LOW,No major risk factors
376,1,Transport Plaza,21.10854263781523,79.14249417759254,663,69,1,58,7,5,3,0,29,0.03433667781493868,0.1111111111111111,0.5393258426966292,0.6666666666666666,1.0,0.6,1.0,40.11,MEDIUM,"Unsafe speed pattern, Weather-related risk"
377,1,Bara Nal Chowk,21.13827707563525,79.11795175216233,964,55,2,61,5,3,5,0,15,0.10144927536231885,0.2222222222222222,0.5730337078651685,0.4444444444444444,0.6,1.0,0.5172413793103449,37.13,LOW,No major risk factors
378,2,Gosavi Akhada,21.201385037316335,79.01341165034684,3542,15,4,42,1,4,3,0,25,0.6762541806020067,0.4444444444444444,0.3595505617977528,0.0,0.8,0.6,0.8620689655172413,47.87,MEDIUM,"Unsafe speed pattern, Weather-related risk"
379,1,Anand Nagar,21.1027926322883,79.06263711636774,2942,22,4,31,1,4,0,0,18,0.5424749163879599,0.4444444444444444,0.23595505617977527,0.0,0.8,0.0,0.6206896551724138,37.93,LOW,Weather-related risk
380,1,Jay Bhole Nagar,21.197736217910673,79.13186774613432,2855,37,1,14,9,5,3,0,3,0.5230769230769231,0.1111111111111111,0.0449438202247191,0.8888888888888888,1.0,0.6,0.10344827586206896,36.84,LOW,"High congestion, Weather-related risk"
381,1,Jay Bhim Chowk,21.13382257297281,79.14170980334372,4778,52,3,27,5,4,2,0,12,0.9518394648829431,0.3333333333333333,0.19101123595505617,0.4444444444444444,0.8,0.4,0.41379310344827586,48.71,MEDIUM,"Heavy traffic volume, Weather-related risk"
382,1,Chintamani Nagar,21.1141797793146,79.07011022668748,3057,20,3,47,1,0,0,0,20,0.5681159420289855,0.3333333333333333,0.4157303370786517,0.0,0.0,0.0,0.6896551724137931,34.49,LOW,No major risk factors
383,1,Abhay nagar Backside of medical college,21.1836084598437,79.0920117083816,1045,36,2,46,7,1,1,1,4,0.11950947603121516,0.2222222222222222,0.4044943820224719,0.6666666666666666,0.2,0.2,0.13793103448275862,28.5,LOW,No major risk factors
384,1,Infront of PS,21.175473141613587,79.02505509191381,4335,39,2,73,9,3,3,1,1,0.8530657748049052,0.2222222222222222,0.7078651685393258,0.8888888888888888,0.6,0.6,0.034482758620689655,54.02,MEDIUM,"Heavy traffic volume, High congestion, High pedestrian density"
385,1,Suyog Nagar Chowk,21.20529664162325,79.14867529392055,1093,32,3,19,1,0,3,1,8,0.1302118171683389,0.3333333333333333,0.10112359550561797,0.0,0.0,0.6,0.27586206896551724,19.88,LOW,No major risk factors
386,1,Omkar Nagar Chowk,21.188208525256467,79.03475075520751,4304,31,2,88,10,5,5,1,9,0.8461538461538461,0.2222222222222222,0.8764044943820225,1.0,1.0,1.0,0.3103448275862069,64.84,MEDIUM,"Heavy traffic volume, High congestion, High pedestrian density, Weather-related risk"
387,1,Rameshwari Chowk,21.196417711646184,79.14140976612026,1959,26,3,51,4,3,0,0,14,0.3232998885172798,0.3333333333333333,0.4606741573033708,0.3333333333333333,0.6,0.0,0.4827586206896552,36.2,LOW,No major risk factors
388,1,Shatabadi Chowk,21.133844148708558,79.09744699734885,3993,20,2,57,3,0,4,0,20,0.7768115942028986,0.2222222222222222,0.5280898876404494,0.2222222222222222,0.0,0.8,0.6896551724137931,44.35,MEDIUM,Heavy traffic volume
389,3,Medical Chowk,21.12129274525357,79.09116051923183,3101,40,1,53,5,4,3,0,0,0.5779264214046823,0.1111111111111111,0.48314606741573035,0.4444444444444444,0.8,0.6,0.0,35.81,LOW,Weather-related risk
390,1,Trisharan Chowk,21.190073770196904,79.07690327665247,2944,41,0,91,7,5,2,1,1,0.5429208472686734,0.0,0.9101123595505618,0.6666666666666666,1.0,0.4,0.034482758620689655,41.85,MEDIUM,"High pedestrian density, Weather-related risk"
391,1,Hanuman Nagar,21.196820168712073,79.03460047175767,3172,22,3,96,8,5,3,1,18,0.5937569676700112,0.3333333333333333,0.9662921348314607,0.7777777777777778,1.0,0.6,0.6206896551724138,62.24,MEDIUM,"High congestion, High pedestrian density, Weather-related risk"
392,2,Narendra Nagar,21.218860617040082,79.02647920480082,4700,33,4,25,2,3,5,0,7,0.934448160535117,0.4444444444444444,0.16853932584269662,0.1111111111111111,0.6,1.0,0.2413793103448276,46.63,MEDIUM,Heavy traffic volume
393,1,Netaji market Mehadiya Chowk,21.149514121229373,79.03307293136052,516,56,4,63,7,4,1,0,16,0.001560758082497213,0.4444444444444444,0.5955056179775281,0.6666666666666666,0.8,0.2,0.5517241379310345,42.81,MEDIUM,Weather-related risk
394,1,Shamtarka apt. javal,21.144642170295135,79.02796573932164,3691,15,3,44,1,3,5,0,25,0.7094760312151617,0.3333333333333333,0.38202247191011235,0.0,0.6,1.0,0.8620689655172413,46.54,MEDIUM,"Heavy traffic volume, Unsafe speed pattern"
395,1,Mehadiya Chowk to Panchshil Chowk,21.193169555289042,79.11693767103502,892,43,3,37,7,2,3,1,3,0.08539576365663322,0.3333333333333333,0.30337078651685395,0.6666666666666666,0.4,0.6,0.10344827586206896,32.29,LOW,No major risk factors
396,2,Near Mount Carmal School ,21.140896424830363,79.052518788875,924,59,6,11,8,0,4,0,19,0.09253065774804906,0.6666666666666666,0.011235955056179775,0.7777777777777778,0.0,0.8,0.6551724137931034,44.24,MEDIUM,High congestion
397,1,Anand talkies Chowk,21.211690879072428,79.00867640148451,1071,63,4,22,2,2,3,0,23,0.1253065774804905,0.4444444444444444,0.1348314606741573,0.1111111111111111,0.4,0.6,0.7931034482758621,32.46,LOW,Unsafe speed pattern
398,2,Yashwant Stedium,21.203009530221163,79.14536539452112,4131,49,4,50,9,0,0,0,9,0.8075808249721294,0.4444444444444444,0.449438202247191,0.8888888888888888,0.0,0.0,0.3103448275862069,52.66,MEDIUM,"Heavy traffic volume, High congestion"
399,1,Dhantoli Garden Area,21.151479283285003,79.13256788274451,1620,54,5,89,1,1,3,0,14,0.24771460423634337,0.5555555555555556,0.8876404494382022,0.0,0.2,0.6,0.4827586206896552,43.76,MEDIUM,High pedestrian density
400,2,Mata Kacheri Chowk,21.19010452813498,79.13916284247928,741,28,1,68,6,5,4,1,12,0.05172798216276477,0.1111111111111111,0.651685393258427,0.5555555555555556,1.0,0.8,0.41379310344827586,35.61,LOW,Weather-related risk
401,1,Devnagar Chowk,21.190545144890162,79.14923617339697,4397,49,4,78,1,3,0,0,9,0.8668896321070234,0.4444444444444444,0.7640449438202247,0.0,0.6,0.0,0.3103448275862069,48.24,MEDIUM,"Heavy traffic volume, High pedestrian density"
402,1,Congress nagar T-Point Chowk,21.112374864260314,79.02608428738293,4595,62,2,62,3,1,2,1,22,0.9110367892976589,0.2222222222222222,0.5842696629213483,0.2222222222222222,0.2,0.4,0.7586206896551724,47.57,MEDIUM,"Heavy traffic volume, Unsafe speed pattern"
403,1,Gajanan nagar Chowk,21.20830634880155,79.0594363028354,2779,59,4,54,6,1,0,0,19,0.5061315496098104,0.4444444444444444,0.4943820224719101,0.5555555555555556,0.2,0.0,0.6551724137931034,46.76,MEDIUM,No major risk factors
404,1,Rahate Colony Chowk,21.160630284693745,79.1137357713556,1288,34,5,29,3,5,5,1,6,0.17369007803790412,0.5555555555555556,0.21348314606741572,0.2222222222222222,1.0,1.0,0.20689655172413793,38.75,LOW,Weather-related risk
405,1,Ajni Railway Station,21.19917489593293,79.10440309270807,1214,63,2,33,8,5,1,1,23,0.15719063545150502,0.2222222222222222,0.25842696629213485,0.7777777777777778,1.0,0.2,0.7931034482758621,39.28,LOW,"High congestion, Unsafe speed pattern, Weather-related risk"
406,1,Ajit Bekari,21.138405952123676,79.02308438595098,3349,27,4,70,5,0,5,0,13,0.633221850613155,0.4444444444444444,0.6741573033707865,0.4444444444444444,0.0,1.0,0.4482758620689655,52.26,MEDIUM,No major risk factors
407,2,Chatrapati Chowk,21.207462787419544,79.12237496874859,1275,52,1,67,2,2,0,0,12,0.17079152731326644,0.1111111111111111,0.6404494382022472,0.1111111111111111,0.4,0.0,0.41379310344827586,24.16,LOW,No major risk factors
408,1,Sureteck Hospital Area,21.146704201448102,79.0336660857755,4526,63,2,36,4,4,2,1,23,0.8956521739130435,0.2222222222222222,0.29213483146067415,0.3333333333333333,0.8,0.4,0.7931034482758621,47.89,MEDIUM,"Heavy traffic volume, Unsafe speed pattern, Weather-related risk"
409,1,Jail Road,21.101300518177638,79.03357264222339,2747,60,4,35,9,0,3,0,20,0.49899665551839467,0.4444444444444444,0.2808988764044944,0.8888888888888888,0.0,0.6,0.6896551724137931,50.76,MEDIUM,High congestion
410,1,FCI Godawn,21.208645837170312,79.08054616343401,578,63,1,16,4,4,0,1,23,0.015384615384615385,0.1111111111111111,0.06741573033707865,0.3333333333333333,0.8,0.0,0.7931034482758621,21.58,LOW,"Unsafe speed pattern, Weather-related risk"
411,1,Surendra Nagar Garden,21.110954401214336,79.08894099022625,4426,22,1,51,10,1,5,1,18,0.873355629877369,0.1111111111111111,0.4606741573033708,1.0,0.2,1.0,0.6206896551724138,54.92,MEDIUM,"Heavy traffic volume, High congestion"
412,1,Ajni Chowk Near Yashwant Chavhan Putala,21.138317636510852,79.08701293117568,1355,57,0,56,10,4,0,1,17,0.18862876254180602,0.0,0.5168539325842697,1.0,0.8,0.0,0.5862068965517241,36.39,LOW,"High congestion, Weather-related risk"
413,1,Dhantoli Police Station Chowk,21.2140074360461,79.01372302560966,2648,34,3,62,8,2,0,0,6,0.47692307692307695,0.3333333333333333,0.5842696629213483,0.7777777777777778,0.4,0.0,0.20689655172413793,44.04,MEDIUM,High congestion
414,2,Sardar Patel Chowk,21.21407285763251,79.13161912939455,1531,47,3,68,5,0,0,0,7,0.2278706800445931,0.3333333333333333,0.651685393258427,0.4444444444444444,0.0,0.0,0.2413793103448276,33.41,LOW,No major risk factors
415,1,Ashok Chowk,21.168812546574795,79.0398400063883,3771,40,4,47,10,5,2,0,0,0.7273132664437012,0.4444444444444444,0.4157303370786517,1.0,1.0,0.4,0.0,56.12,MEDIUM,"Heavy traffic volume, High congestion, Weather-related risk"
416,1,Ashok Chowk,21.175820465460376,79.01942723819242,4076,53,2,78,1,2,4,0,13,0.7953177257525084,0.2222222222222222,0.7640449438202247,0.0,0.4,0.8,0.4482758620689655,44.52,MEDIUM,"Heavy traffic volume, High pedestrian density"
417,2,Untakhana Chowk,21.153813462637398,79.13331221198035,4682,35,3,96,7,2,4,1,5,0.9304347826086956,0.3333333333333333,0.9662921348314607,0.6666666666666666,0.4,0.8,0.1724137931034483,60.83,MEDIUM,"Heavy traffic volume, High pedestrian density"
418,1,Jatatrodi Chowk,21.13518529260377,79.14334772473447,3956,67,6,62,3,0,0,1,27,0.768561872909699,0.6666666666666666,0.5842696629213483,0.2222222222222222,0.0,0.0,0.9310344827586207,56.78,MEDIUM,"Heavy traffic volume, Unsafe speed pattern"
419,1,Ajni Over Bridge to Medical Chowk,21.139439745444392,79.12931914258982,4006,63,2,24,10,5,2,0,23,0.7797101449275362,0.2222222222222222,0.15730337078651685,1.0,1.0,0.4,0.7931034482758621,54.55,MEDIUM,"Heavy traffic volume, High congestion, Unsafe speed pattern, Weather-related risk"
420,1,Chandan Nagar Near Ramabai Garden,21.180702214729244,79.12142741120873,907,56,2,35,8,2,2,1,16,0.08874024526198439,0.2222222222222222,0.2808988764044944,0.7777777777777778,0.4,0.4,0.5517241379310345,33.84,LOW,High congestion
421,1,Rambagh Colony,21.19028494353252,79.09828629709585,3211,57,2,57,3,5,0,0,17,0.6024526198439242,0.2222222222222222,0.5280898876404494,0.2222222222222222,1.0,0.0,0.5862068965517241,40.83,MEDIUM,Weather-related risk
422,1,Shyambagh area Sindhiban  Bada Tajbagh Chhota Tajbagh,21.194989485247103,79.08262860559137,3588,68,4,28,1,3,5,0,28,0.6865105908584169,0.4444444444444444,0.20224719101123595,0.0,0.6,1.0,0.9655172413793104,47.75,MEDIUM,Unsafe speed pattern
423,1,Somwari Qrt. Old Qrt.of Vima Hospital.,21.194754177135348,79.0130480139867,2168,55,1,18,5,3,5,1,15,0.36989966555183945,0.1111111111111111,0.0898876404494382,0.4444444444444444,0.6,1.0,0.5172413793103449,31.92,LOW,No major risk factors
424,2,Sakkardara Chowk,21.110944732365844,79.06126798196061,647,23,4,73,2,3,1,1,17,0.03076923076923077,0.4444444444444444,0.7078651685393258,0.1111111111111111,0.6,0.2,0.5862068965517241,36.1,LOW,High pedestrian density
425,1,Sakkaradara fly over,21.15933043656431,79.05590327755185,4827,38,3,63,4,4,0,0,2,0.9627647714604236,0.3333333333333333,0.5955056179775281,0.3333333333333333,0.8,0.0,0.06896551724137931,47.88,MEDIUM,"Heavy traffic volume, Weather-related risk"
426,2,Bhande Plot Chowk,21.106907051202,79.03896306756405,4397,51,3,60,1,2,1,1,11,0.8668896321070234,0.3333333333333333,0.5617977528089888,0.0,0.4,0.2,0.3793103448275862,42.56,MEDIUM,Heavy traffic volume
427,2,Awari Chowk,21.16594346587885,79.10851301705328,2450,63,5,48,9,0,5,0,23,0.43277591973244145,0.5555555555555556,0.42696629213483145,0.8888888888888888,0.0,1.0,0.7931034482758621,57.99,MEDIUM,"High congestion, Unsafe speed pattern"
428,2,Tukdoji Chowk,21.152983660164807,79.07438136026181,865,55,3,13,6,0,5,0,15,0.07937569676700111,0.3333333333333333,0.033707865168539325,0.5555555555555556,0.0,1.0,0.5172413793103449,30.6,LOW,No major risk factors
429,1,Aurvedik Hospital Budhawari Bajar,21.206524501930996,79.01215693238615,2174,31,1,12,8,4,0,0,9,0.3712374581939799,0.1111111111111111,0.02247191011235955,0.7777777777777778,0.8,0.0,0.3103448275862069,29.87,LOW,"High congestion, Weather-related risk"
430,1,Chota Tajbagh Chowk,21.14210980150625,79.03302748029247,4994,38,1,73,4,0,1,1,2,1.0,0.1111111111111111,0.7078651685393258,0.3333333333333333,0.0,0.2,0.06896551724137931,40.64,MEDIUM,"Heavy traffic volume, High pedestrian density"
431,1,Sakkardara Lack Garden,21.114048041971316,79.10248881454893,3046,35,3,38,9,3,1,0,5,0.5656633221850613,0.3333333333333333,0.3146067415730337,0.8888888888888888,0.6,0.2,0.1724137931034483,45.09,MEDIUM,High congestion
432,1,Dattatray Nagar Garden Area,21.117159001846343,79.01141962892355,1062,65,5,20,2,2,0,0,25,0.12329988851727983,0.5555555555555556,0.11235955056179775,0.1111111111111111,0.4,0.0,0.8620689655172413,33.11,LOW,Unsafe speed pattern
433,1,Hussen Baba Dargah,21.191381275806098,79.12768103710731,4062,53,4,67,9,0,1,0,13,0.7921962095875139,0.4444444444444444,0.6404494382022472,0.8888888888888888,0.0,0.2,0.4482758620689655,57.6,MEDIUM,"Heavy traffic volume, High congestion"
434,2,Gajanan Highschool T-Point,21.174186167597952,79.0742719790521,2989,69,2,84,5,0,3,1,29,0.5529542920847269,0.2222222222222222,0.8314606741573034,0.4444444444444444,0.0,0.6,1.0,49.86,MEDIUM,"High pedestrian density, Unsafe speed pattern"
435,2,Chamat Chakki Chowk,21.112134721134737,79.072087986599,1272,55,7,36,6,1,5,0,15,0.1701226309921962,0.7777777777777778,0.29213483146067415,0.5555555555555556,0.2,1.0,0.5172413793103449,50.62,MEDIUM,High incident risk
436,1,Buland Get Motha Tajbagh,21.1100928167338,79.08886116769892,2537,53,0,30,3,1,4,0,13,0.45217391304347826,0.0,0.2247191011235955,0.2222222222222222,0.2,0.8,0.4482758620689655,25.23,LOW,No major risk factors
437,2,Shitala Mata Mandir Chowk,21.184116295775095,79.12370214488877,3923,27,4,48,4,1,2,0,13,0.7612040133779264,0.4444444444444444,0.42696629213483145,0.3333333333333333,0.2,0.4,0.4482758620689655,47.44,MEDIUM,Heavy traffic volume
438,1,Tukdoji Chowk to P.F. Office Road,21.108731560763704,79.05217138118533,3067,25,2,55,6,2,1,0,15,0.570345596432553,0.2222222222222222,0.5056179775280899,0.5555555555555556,0.4,0.2,0.5172413793103449,42.16,MEDIUM,No major risk factors
439,1,Buggewar Ashirwad nagar chowk,21.198623207114846,79.10170242288386,2073,60,3,75,7,3,1,1,20,0.3487179487179487,0.3333333333333333,0.7303370786516854,0.6666666666666666,0.6,0.2,0.6896551724137931,48.83,MEDIUM,High pedestrian density
440,1,Reshimbagh N.I.T. Garden Area,21.18474906725878,79.08485979459937,4194,33,1,45,1,5,2,0,7,0.8216276477146043,0.1111111111111111,0.39325842696629215,0.0,1.0,0.4,0.2413793103448276,35.08,LOW,"Heavy traffic volume, Weather-related risk"
441,1,Shahensha Chowk,21.10976185367703,79.04005424052541,3791,25,3,84,7,3,1,1,15,0.7317725752508362,0.3333333333333333,0.8314606741573034,0.6666666666666666,0.6,0.2,0.5172413793103449,56.28,MEDIUM,"Heavy traffic volume, High pedestrian density"
442,2,Budhwari Bajar Main Road,21.110180525690225,79.13179449795328,1746,27,1,91,1,3,2,0,13,0.2758082497212932,0.1111111111111111,0.9101123595505618,0.0,0.6,0.4,0.4482758620689655,31.98,LOW,High pedestrian density
443,1,Tupkar Chowk,21.218396749420144,79.11961390324105,4219,60,3,74,5,2,0,1,20,0.8272017837235228,0.3333333333333333,0.7191011235955056,0.4444444444444444,0.4,0.0,0.6896551724137931,52.89,MEDIUM,"Heavy traffic volume, High pedestrian density"
444,1,Old  Ayodhya  Nagar  Bus  Stop  to  Baseshwar Putala Chowk,21.144912495490736,79.09876777519877,4339,59,6,72,6,2,3,0,19,0.8539576365663322,0.6666666666666666,0.6966292134831461,0.5555555555555556,0.4,0.6,0.6551724137931034,67.41,MEDIUM,Heavy traffic volume
445,1,Mahakalkar Building to old Ayodhya Nagar Bus Stop,21.14447705764803,79.12758725936413,859,15,3,44,2,1,3,0,25,0.07803790412486064,0.3333333333333333,0.38202247191011235,0.1111111111111111,0.2,0.6,0.8620689655172413,31.58,LOW,Unsafe speed pattern
446,1,Boolywood Center Point Hotel,21.1975359480709,79.13009413014397,2876,54,2,40,10,0,5,0,14,0.5277591973244147,0.2222222222222222,0.33707865168539325,1.0,0.0,1.0,0.4827586206896552,47.11,MEDIUM,High congestion
447,1,Behine Shri. Binzani College gate Budhwar Bajar,21.213669829286065,79.10625444650725,3509,58,1,37,9,4,4,1,18,0.6688963210702341,0.1111111111111111,0.30337078651685395,0.8888888888888888,0.8,0.8,0.6206896551724138,48.8,MEDIUM,"High congestion, Weather-related risk"
448,1,Om Nagar Area,21.218320127658746,79.12555199925455,3493,33,4,10,10,4,1,1,7,0.6653288740245262,0.4444444444444444,0.0,1.0,0.8,0.2,0.2413793103448276,49.05,MEDIUM,"High congestion, Weather-related risk"
449,1,Darshan colony old building Shrikrishna nagar old building,21.190405382231074,79.10462071925039,1462,26,4,34,6,5,4,0,14,0.2124860646599777,0.4444444444444444,0.2696629213483146,0.5555555555555556,1.0,0.8,0.4827586206896552,43.79,MEDIUM,Weather-related risk
450,1,Sangharshnagar Deshpande layout,21.14515115026371,79.10202111576405,4132,22,3,52,7,0,0,1,18,0.8078037904124861,0.3333333333333333,0.47191011235955055,0.6666666666666666,0.0,0.0,0.6206896551724138,49.44,MEDIUM,Heavy traffic volume
451,1,Bhutbangala empty building,21.110020086003843,79.09279170673227,2327,22,1,93,10,5,3,0,18,0.40535117056856185,0.1111111111111111,0.9325842696629213,1.0,1.0,0.6,0.6206896551724138,54.64,MEDIUM,"High congestion, High pedestrian density, Weather-related risk"
452,1,Sangharsh Nagar Chowk,21.193257629911294,79.11290749593364,2113,67,4,76,8,1,0,0,27,0.3576365663322185,0.4444444444444444,0.7415730337078652,0.7777777777777778,0.2,0.0,0.9310344827586207,53.59,MEDIUM,"High congestion, High pedestrian density, Unsafe speed pattern"
453,1,K.D.K. college Chowk,21.167008509968298,79.02379076579396,2140,59,2,72,10,5,0,0,19,0.3636566332218506,0.2222222222222222,0.6966292134831461,1.0,1.0,0.0,0.6551724137931034,50.94,MEDIUM,"High congestion, Weather-related risk"
454,1,Opposite Area INOX Talkeis,21.15090664110964,79.13213061387984,2716,26,4,60,1,0,1,0,14,0.49208472686733556,0.4444444444444444,0.5617977528089888,0.0,0.0,0.2,0.4827586206896552,37.43,LOW,No major risk factors
455,2,Nandanvan Main Road,21.20876252621137,79.13077652916178,4812,62,1,11,8,0,0,1,22,0.9594202898550724,0.1111111111111111,0.011235955056179775,0.7777777777777778,0.0,0.0,0.7586206896551724,41.94,MEDIUM,"Heavy traffic volume, High congestion, Unsafe speed pattern"
456,1,Opposite Area of Motha Tajbagh  same As buland gate,21.11334369787674,79.00438709245519,877,47,5,91,4,4,3,0,7,0.08205128205128205,0.5555555555555556,0.9101123595505618,0.3333333333333333,0.8,0.6,0.2413793103448276,46.37,MEDIUM,"High pedestrian density, Weather-related risk"
457,1,Wathoda Chowk,21.159115012514903,79.12387251258471,4714,59,3,73,10,1,4,0,19,0.9375696767001115,0.3333333333333333,0.7078651685393258,1.0,0.2,0.8,0.6551724137931034,65.92,MEDIUM,"Heavy traffic volume, High congestion, High pedestrian density"
458,2,Opposite Area of Hasanbagh Police Chowky,21.101362437372092,79.01933048012101,4785,40,1,83,8,2,3,0,0,0.9534002229654404,0.1111111111111111,0.8202247191011236,0.7777777777777778,0.4,0.6,0.0,51.37,MEDIUM,"Heavy traffic volume, High congestion, High pedestrian density"
459,2,Hasanbagh Chowk,21.156239277039298,79.05026782813887,869,53,2,78,6,5,1,0,13,0.0802675585284281,0.2222222222222222,0.7640449438202247,0.5555555555555556,1.0,0.2,0.4482758620689655,38.55,LOW,"High pedestrian density, Weather-related risk"
460,1,Aourangjeb Chowk Hasanbagh,21.10675639308182,79.11152623844374,2696,42,1,18,9,4,3,0,2,0.48762541806020065,0.1111111111111111,0.0898876404494382,0.8888888888888888,0.8,0.6,0.06896551724137931,35.46,LOW,"High congestion, Weather-related risk"
461,2,Kharbi Chowk,21.11425814995217,79.02411398440725,4247,19,5,11,4,5,2,0,21,0.8334448160535117,0.5555555555555556,0.011235955056179775,0.3333333333333333,1.0,0.4,0.7241379310344828,52.75,MEDIUM,"Heavy traffic volume, Unsafe speed pattern, Weather-related risk"
462,1,Jaybhim Chowk Hiwari Nagar,21.114103149613253,79.12269505361786,1151,22,1,43,2,5,4,0,18,0.1431438127090301,0.1111111111111111,0.3707865168539326,0.1111111111111111,1.0,0.8,0.6206896551724138,28.63,LOW,Weather-related risk
463,1,Nadanvan Canal Road,21.177905236253928,79.12482012669366,1269,39,3,69,2,2,2,0,1,0.16945373467112598,0.3333333333333333,0.6629213483146067,0.1111111111111111,0.4,0.4,0.034482758620689655,29.34,LOW,No major risk factors
464,2,Gurudev nagar,21.189525385511853,79.07612016006412,2921,41,2,70,5,1,2,0,1,0.5377926421404682,0.2222222222222222,0.6741573033707865,0.4444444444444444,0.2,0.4,0.034482758620689655,37.55,LOW,No major risk factors
465,1,Ramana maroti Chowk Nagpur,21.170004251811662,79.00095788075753,1280,60,3,40,10,0,5,0,20,0.17190635451505018,0.3333333333333333,0.33707865168539325,1.0,0.0,1.0,0.6896551724137931,45.39,MEDIUM,High congestion
466,2,Opposite area of Vyankatesh Nagar Gate,21.215460705816948,79.04305571997624,2216,37,2,19,9,3,1,0,3,0.3806020066889632,0.2222222222222222,0.10112359550561797,0.8888888888888888,0.6,0.2,0.10344827586206896,34.16,LOW,High congestion
467,1,Shitala Mata Chowk,21.144984469542845,79.09253903775637,4483,44,5,85,3,5,0,0,4,0.8860646599777035,0.5555555555555556,0.8426966292134831,0.2222222222222222,1.0,0.0,0.13793103448275862,56.74,MEDIUM,"Heavy traffic volume, High pedestrian density, Weather-related risk"
468,1,Telephone Nagar Chowk Umred Road,21.134285450353826,79.14717792670412,1811,59,4,45,8,3,2,0,19,0.2903010033444816,0.4444444444444444,0.39325842696629215,0.7777777777777778,0.6,0.4,0.6551724137931034,48.26,MEDIUM,High congestion
469,1,Backside of Sutgirani,21.204231895382737,79.0947720290525,3859,61,5,94,4,1,3,0,21,0.7469342251950948,0.5555555555555556,0.9438202247191011,0.3333333333333333,0.2,0.6,0.7241379310344828,62.0,MEDIUM,"Heavy traffic volume, High pedestrian density, Unsafe speed pattern"
470,1,Narsala Kannad,21.126831500622338,79.03897053715963,1022,37,2,58,6,3,0,0,3,0.11438127090301003,0.2222222222222222,0.5393258426966292,0.5555555555555556,0.6,0.0,0.10344827586206896,29.41,LOW,No major risk factors
471,1,Vihirgaon Bhogali Gotal,21.215586704732875,79.09510085546493,1021,63,3,79,10,5,3,0,23,0.11415830546265329,0.3333333333333333,0.7752808988764045,1.0,1.0,0.6,0.7931034482758621,54.84,MEDIUM,"High congestion, High pedestrian density, Unsafe speed pattern, Weather-related risk"
472,1,Besa Beltarodi road,21.10145853696278,79.08099780695738,2820,61,2,58,6,2,3,0,21,0.515273132664437,0.2222222222222222,0.5393258426966292,0.5555555555555556,0.4,0.6,0.7241379310344828,45.64,MEDIUM,Unsafe speed pattern
473,1,Manewada Cement Road Jawahar Nagar Chowk,21.21638545920492,79.11697680927267,1435,34,1,12,3,3,0,0,6,0.2064659977703456,0.1111111111111111,0.02247191011235955,0.2222222222222222,0.6,0.0,0.20689655172413793,16.2,LOW,No major risk factors
474,1,Manewada  Cement  Road  Vairagade Hospital Chowk,21.10517918943407,79.01604709582405,2730,32,3,83,5,1,0,0,8,0.49520624303232996,0.3333333333333333,0.8202247191011236,0.4444444444444444,0.2,0.0,0.27586206896551724,42.63,MEDIUM,High pedestrian density
475,2,Manewada Chowk,21.20693717364377,79.1141541853753,4540,32,1,14,3,1,3,1,8,0.8987736900780379,0.1111111111111111,0.0449438202247191,0.2222222222222222,0.2,0.6,0.27586206896551724,32.07,LOW,Heavy traffic volume
476,1,Besa Chowk,21.163324133090356,79.08118998680142,4197,16,7,99,1,2,1,0,24,0.8222965440356744,0.7777777777777778,1.0,0.0,0.4,0.2,0.8275862068965517,66.06,MEDIUM,"High incident risk, Heavy traffic volume, High pedestrian density, Unsafe speed pattern"
477,1,Beltarodi T-Point Chowk,21.21915577553432,79.14444880057884,3337,18,6,70,7,3,4,0,22,0.630546265328874,0.6666666666666666,0.6741573033707865,0.6666666666666666,0.6,0.8,0.7586206896551724,67.31,MEDIUM,Unsafe speed pattern
478,2,Uday Nagar Chowk,21.10885558776825,79.0512808249058,4583,44,3,94,4,3,5,1,4,0.9083612040133779,0.3333333333333333,0.9438202247191011,0.3333333333333333,0.6,1.0,0.13793103448275862,56.7,MEDIUM,"Heavy traffic volume, High pedestrian density"
479,2,Mahalgi Nagar Chowk,21.16646251412816,79.0948932839701,2961,47,4,99,7,0,4,0,7,0.546711259754738,0.4444444444444444,1.0,0.6666666666666666,0.0,0.8,0.2413793103448276,55.68,MEDIUM,High pedestrian density
480,1,Rajapeth Hudkeshwar Road,21.216316304274294,79.1398042158265,3743,50,1,35,3,4,1,1,10,0.7210702341137124,0.1111111111111111,0.2808988764044944,0.2222222222222222,0.8,0.2,0.3448275862068966,33.75,LOW,"Heavy traffic volume, Weather-related risk"
481,1,Pipala Chowk Hudkeshwar Road,21.162771741300418,79.0153764591986,3859,32,1,81,5,1,5,0,8,0.7469342251950948,0.1111111111111111,0.797752808988764,0.4444444444444444,0.2,1.0,0.27586206896551724,45.66,MEDIUM,"Heavy traffic volume, High pedestrian density"
482,2,Gajanan Mandir Chowk Mahalgi Nagar,21.175527836576233,79.14058427308547,1185,51,2,14,5,0,0,1,11,0.15072463768115943,0.2222222222222222,0.0449438202247191,0.4444444444444444,0.0,0.0,0.3793103448275862,20.82,LOW,No major risk factors
483,2,Dighori Chowk,21.183489842678156,79.10318285834512,2660,33,3,24,2,1,5,0,7,0.47959866220735786,0.3333333333333333,0.15730337078651685,0.1111111111111111,0.2,1.0,0.2413793103448276,32.03,LOW,No major risk factors
484,1,Dighori Naka Chowky,21.154544927772132,79.01017555886578,4488,61,3,25,10,0,3,0,21,0.8871794871794871,0.3333333333333333,0.16853932584269662,1.0,0.0,0.6,0.7241379310344828,55.51,MEDIUM,"Heavy traffic volume, High congestion, Unsafe speed pattern"
485,1,Gajanan Highschool Chowk Juna Subhedar Lay- Out,21.175306969610087,79.04514453504203,4566,42,1,10,2,4,4,1,2,0.9045707915273132,0.1111111111111111,0.0,0.1111111111111111,0.8,0.8,0.06896551724137931,31.78,LOW,"Heavy traffic volume, Weather-related risk"
486,1,Sharda Chowk,21.170117717430774,79.10622581329679,2067,54,4,25,4,0,5,0,14,0.34738015607580824,0.4444444444444444,0.16853932584269662,0.3333333333333333,0.0,1.0,0.4827586206896552,37.64,LOW,No major risk factors
487,1,Sai Mandir Ayodhya Nagar,21.20813896125892,79.01010259022031,538,34,1,46,4,1,3,0,6,0.006465997770345597,0.1111111111111111,0.4044943820224719,0.3333333333333333,0.2,0.6,0.20689655172413793,20.6,LOW,No major risk factors
488,1,Swami Samartha mandir Besa,21.105453565640975,79.08732556902645,3044,63,3,12,4,3,1,1,23,0.5652173913043478,0.3333333333333333,0.02247191011235955,0.3333333333333333,0.6,0.2,0.7931034482758621,38.57,LOW,Unsafe speed pattern
489,1,Shahu Nagar T-Point Manewada Besa Road,21.13371558275107,79.05188245854295,1756,47,3,61,6,1,5,0,7,0.2780379041248606,0.3333333333333333,0.5730337078651685,0.5555555555555556,0.2,1.0,0.2413793103448276,40.9,MEDIUM,No major risk factors
490,1,Dighori Umred Road,21.21404937808919,79.09313732766512,3490,26,1,56,2,5,3,0,14,0.664659977703456,0.1111111111111111,0.5168539325842697,0.1111111111111111,1.0,0.6,0.4827586206896552,38.87,LOW,Weather-related risk
491,1,Mahalgi Nagar to New Narsala Road,21.20683165406691,79.00686130507188,2696,65,2,22,6,2,1,0,25,0.48762541806020065,0.2222222222222222,0.1348314606741573,0.5555555555555556,0.4,0.2,0.8620689655172413,38.4,LOW,Unsafe speed pattern
492,1,Besa Chowk to Pipalagoan Road,21.154678810334286,79.13073052092285,3968,29,4,89,7,2,0,0,11,0.7712374581939799,0.4444444444444444,0.8876404494382022,0.6666666666666666,0.4,0.0,0.3793103448275862,57.87,MEDIUM,"Heavy traffic volume, High pedestrian density"
493,1,Beltarodi to Shankarpur Goan Road,21.174415911736187,79.1460233453766,3208,55,2,64,10,5,1,1,15,0.6017837235228539,0.2222222222222222,0.6067415730337079,1.0,1.0,0.2,0.5172413793103449,53.98,MEDIUM,"High congestion, Weather-related risk"
494,1,Wanjari Nagar T Point,21.13328574195774,79.14533167829285,801,53,0,30,3,2,1,1,13,0.06510590858416945,0.0,0.2247191011235955,0.2222222222222222,0.4,0.2,0.4482758620689655,15.49,LOW,No major risk factors
495,2,Vima Hospital Square,21.122574539166852,79.11244777476143,1146,16,4,75,8,2,4,0,24,0.14202898550724638,0.4444444444444444,0.7303370786516854,0.7777777777777778,0.4,0.8,0.8275862068965517,53.07,MEDIUM,"High congestion, High pedestrian density, Unsafe speed pattern"
496,1,Chintamani Nagar Part-2,21.1556438085928,79.0195129360196,2259,43,0,63,2,4,3,0,3,0.39018952062430323,0.0,0.5955056179775281,0.1111111111111111,0.8,0.6,0.10344827586206896,26.44,LOW,Weather-related risk
497,1,Ramteke Nagar,21.142402267363128,79.11373947938935,4851,55,2,36,8,3,5,0,15,0.9681159420289855,0.2222222222222222,0.29213483146067415,0.7777777777777778,0.6,1.0,0.5172413793103449,55.25,MEDIUM,"Heavy traffic volume, High congestion"
498,1,Shiv Shakti Nagar,21.170038733422107,79.00368803746882,1097,24,5,47,5,3,4,0,16,0.13110367892976588,0.5555555555555556,0.4157303370786517,0.4444444444444444,0.6,0.8,0.5517241379310345,44.71,MEDIUM,No major risk factors
499,1,Venu Corner,21.1093281564358,79.00331853272935,1161,16,1,99,2,1,2,1,24,0.14537346711259755,0.1111111111111111,1.0,0.1111111111111111,0.2,0.4,0.8275862068965517,34.18,LOW,"High pedestrian density, Unsafe speed pattern"
500,1,Siddheshwar Mangal Karyalay Square,21.21692737691994,79.04854153287243,4830,65,5,67,7,5,1,0,25,0.9634336677814939,0.5555555555555556,0.6404494382022472,0.6666666666666666,1.0,0.2,0.8620689655172413,70.16,HIGH,"Heavy traffic volume, Unsafe speed pattern, Weather-related risk"
501,1,Krida Chowk,21.218345289337552,79.0732964785607,1868,25,4,71,2,0,2,0,15,0.30301003344481603,0.4444444444444444,0.6853932584269663,0.1111111111111111,0.0,0.4,0.5172413793103449,38.51,LOW,No major risk factors
502,1,TB Ward,21.183779405682372,79.11556111267117,3081,27,4,55,6,1,4,1,13,0.5734671125975473,0.4444444444444444,0.5056179775280899,0.5555555555555556,0.2,0.8,0.4482758620689655,50.2,MEDIUM,No major risk factors
503,1,Kamble Chowk,21.164331563961294,79.10249430649098,4368,24,3,98,10,1,3,1,16,0.8604236343366778,0.3333333333333333,0.9887640449438202,1.0,0.2,0.6,0.5517241379310345,66.56,MEDIUM,"Heavy traffic volume, High congestion, High pedestrian density"
504,1,Medical College Main Gate,21.13714331395436,79.06688540595651,4037,28,6,20,3,1,4,0,12,0.7866220735785954,0.6666666666666666,0.11235955056179775,0.2222222222222222,0.2,0.8,0.41379310344827586,49.89,MEDIUM,Heavy traffic volume
505,1,Manvata High School,21.197655402364834,79.04104399994225,4808,32,2,81,9,1,3,0,8,0.9585284280936455,0.2222222222222222,0.797752808988764,0.8888888888888888,0.2,0.6,0.27586206896551724,57.9,MEDIUM,"Heavy traffic volume, High congestion, High pedestrian density"
506,1,Jadu Mahal Chowk,21.18216774070647,79.14956867502366,782,65,4,17,3,3,3,0,25,0.06086956521739131,0.4444444444444444,0.07865168539325842,0.2222222222222222,0.6,0.6,0.8620689655172413,33.68,LOW,Unsafe speed pattern
507,1,Tiny Tots High School,21.119514032721387,79.0639271953354,4178,68,2,80,3,0,0,1,28,0.8180602006688963,0.2222222222222222,0.7865168539325843,0.2222222222222222,0.0,0.0,0.9655172413793104,47.81,MEDIUM,"Heavy traffic volume, High pedestrian density, Unsafe speed pattern"
508,1,Rajkamal Chowk,21.209311262139263,79.06770805364945,1986,23,5,73,5,1,1,0,17,0.32931995540691195,0.5555555555555556,0.7078651685393258,0.4444444444444444,0.2,0.2,0.5862068965517241,48.4,MEDIUM,High pedestrian density
509,1,Ulhas Nagar Garden,21.198704469150783,79.02454357317875,4582,53,3,30,7,3,4,0,13,0.9081382385730212,0.3333333333333333,0.2247191011235955,0.6666666666666666,0.6,0.8,0.4482758620689655,53.02,MEDIUM,Heavy traffic volume
510,1,Barkute Layout,21.21397598959503,79.11922143231249,4683,42,3,81,8,1,3,0,2,0.9306577480490524,0.3333333333333333,0.797752808988764,0.7777777777777778,0.2,0.6,0.06896551724137931,56.94,MEDIUM,"Heavy traffic volume, High congestion, High pedestrian density"
511,1,Narendra Nagar Garden,21.187086341006605,79.10405233386723,960,17,3,72,7,2,4,0,23,0.10055741360089186,0.3333333333333333,0.6966292134831461,0.6666666666666666,0.4,0.8,0.7931034482758621,46.39,MEDIUM,Unsafe speed pattern
512,1,Sai Krupa Society,21.173609823512297,79.03311544191831,2825,34,1,94,9,1,4,0,6,0.5163879598662208,0.1111111111111111,0.9438202247191011,0.8888888888888888,0.2,0.8,0.20689655172413793,48.22,MEDIUM,"High congestion, High pedestrian density"
513,1,Suyog Nagar Garden,21.150189164354877,79.01235715684237,4254,20,3,73,5,5,3,1,20,0.835005574136009,0.3333333333333333,0.7078651685393258,0.4444444444444444,1.0,0.6,0.6896551724137931,58.88,MEDIUM,"Heavy traffic volume, High pedestrian density, Weather-related risk"
514,1,Bhagwan Nagar Garden,21.21192741800248,79.1020748953112,2968,41,6,29,10,5,5,1,1,0.5482720178372352,0.6666666666666666,0.21348314606741572,1.0,1.0,1.0,0.034482758620689655,59.51,MEDIUM,"High congestion, Weather-related risk"
515,1,Futala Turning,21.20392766674005,79.09817668214217,2224,67,3,17,3,1,2,1,27,0.38238573021181715,0.3333333333333333,0.07865168539325842,0.2222222222222222,0.2,0.4,0.9310344827586207,34.47,LOW,Unsafe speed pattern
516,2,Futala Lake Centre,21.105426240412744,79.04098892904973,1876,16,1,67,6,4,1,0,24,0.30479375696767,0.1111111111111111,0.6404494382022472,0.5555555555555556,0.8,0.2,0.8275862068965517,40.65,MEDIUM,"Unsafe speed pattern, Weather-related risk"
517,2,Sir Vishwashourya Sqr,21.10316403693967,79.14262953433756,3243,43,3,55,5,2,1,1,3,0.60958751393534,0.3333333333333333,0.5056179775280899,0.4444444444444444,0.4,0.2,0.10344827586206896,40.48,MEDIUM,No major risk factors
518,1,Gokulpeth Market Near Police Chowki,21.14517560402537,79.02265868376713,1014,52,3,40,4,0,5,1,12,0.11259754738015608,0.3333333333333333,0.33707865168539325,0.3333333333333333,0.0,1.0,0.41379310344827586,31.45,LOW,No major risk factors
519,1,Tidke Junction,21.19726639969382,79.06485022015639,1202,17,2,18,2,1,0,0,23,0.15451505016722408,0.2222222222222222,0.0898876404494382,0.1111111111111111,0.2,0.0,0.7931034482758621,21.7,LOW,Unsafe speed pattern
520,2,VNIT Yashwant Nagar Sqr,21.218473135517794,79.14154238802514,2153,30,3,24,7,0,5,0,10,0.3665551839464883,0.3333333333333333,0.15730337078651685,0.6666666666666666,0.0,1.0,0.3448275862068966,38.14,LOW,No major risk factors
521,1,Ambazari T-Point Near Ambedkar Bhavan,21.118050026932426,79.06295909753892,2566,44,0,35,5,2,0,0,4,0.4586399108138239,0.0,0.2808988764044944,0.4444444444444444,0.4,0.0,0.13793103448275862,23.43,LOW,No major risk factors
522,1,VNIT Swimming pool,21.171295685842257,79.09577889214961,522,54,8,19,4,1,0,1,14,0.002898550724637681,0.8888888888888888,0.10112359550561797,0.3333333333333333,0.2,0.0,0.4827586206896552,39.07,LOW,High incident risk
523,1,Kruplani Chowk,21.145706902795723,79.05963915969441,2960,16,1,38,8,4,5,0,24,0.5464882943143813,0.1111111111111111,0.3146067415730337,0.7777777777777778,0.8,1.0,0.8275862068965517,47.92,MEDIUM,"High congestion, Unsafe speed pattern, Weather-related risk"
524,1,Sawarkar Garden,21.216389727737752,79.0411322803523,1804,31,1,89,9,3,1,1,9,0.2887402452619844,0.1111111111111111,0.8876404494382022,0.8888888888888888,0.6,0.2,0.3103448275862069,42.86,MEDIUM,"High congestion, High pedestrian density"
525,1,Sai Mandir Back Side,21.201054270776286,79.14759664719398,3800,55,3,45,9,4,2,0,15,0.7337792642140468,0.3333333333333333,0.39325842696629215,0.8888888888888888,0.8,0.4,0.5172413793103449,55.08,MEDIUM,"Heavy traffic volume, High congestion, Weather-related risk"
526,2,Hindustan Colony,21.200599444565338,79.06140010094725,861,26,2,93,3,4,1,1,14,0.07848383500557414,0.2222222222222222,0.9325842696629213,0.2222222222222222,0.8,0.2,0.4827586206896552,35.39,LOW,"High pedestrian density, Weather-related risk"
527,1,Sai Mandir Front Side,21.156243179175398,79.13411488055188,4227,49,2,46,3,3,1,0,9,0.8289855072463768,0.2222222222222222,0.4044943820224719,0.2222222222222222,0.6,0.2,0.3103448275862069,39.75,LOW,Heavy traffic volume
528,1,New Dhantoli-FCI,21.14977834028052,79.03449319088367,1784,57,3,95,5,3,1,1,17,0.2842809364548495,0.3333333333333333,0.9550561797752809,0.4444444444444444,0.6,0.2,0.5862068965517241,46.54,MEDIUM,High pedestrian density
529,1,Front Side of ST Stand Main Gate ST Bus Stand,21.132808848631687,79.03196570560377,1014,15,4,80,5,5,5,0,25,0.11259754738015608,0.4444444444444444,0.7865168539325843,0.4444444444444444,1.0,1.0,0.8620689655172413,52.67,MEDIUM,"High pedestrian density, Unsafe speed pattern, Weather-related risk"
530,1,Dalda Chowk Dalda Company,21.106765059598114,79.00467011243268,948,69,3,32,10,3,5,1,29,0.09788182831661092,0.3333333333333333,0.24719101123595505,1.0,0.6,1.0,1.0,48.67,MEDIUM,"High congestion, Unsafe speed pattern"
531,3,Main Gate ST Bus Stand,21.203766685150608,79.09775002380638,2355,59,7,50,2,1,5,0,19,0.4115942028985507,0.7777777777777778,0.449438202247191,0.1111111111111111,0.2,1.0,0.6551724137931034,52.53,MEDIUM,High incident risk
532,1,Godrej Anandwan Turning,21.19754812109561,79.05527895155856,4062,29,3,89,1,0,1,0,11,0.7921962095875139,0.3333333333333333,0.8876404494382022,0.0,0.0,0.2,0.3793103448275862,43.95,MEDIUM,"Heavy traffic volume, High pedestrian density"
533,1,Soukat Ali Chowk Haj House,21.219966120794336,79.12965373747595,3020,40,3,37,8,5,2,0,0,0.559866220735786,0.3333333333333333,0.30337078651685395,0.7777777777777778,1.0,0.4,0.0,44.41,MEDIUM,"High congestion, Weather-related risk"
534,1,Ganesh Chowk,21.21959642044887,79.07098148600373,3581,51,3,57,3,5,0,0,11,0.6849498327759197,0.3333333333333333,0.5280898876404494,0.2222222222222222,1.0,0.0,0.3793103448275862,43.75,MEDIUM,Weather-related risk
535,1,Modern Mill,21.166651804672316,79.14522901418721,1928,35,5,47,1,0,4,0,5,0.31638795986622076,0.5555555555555556,0.4157303370786517,0.0,0.0,0.8,0.1724137931034483,34.95,LOW,No major risk factors
536,1,Moulana Malik Chowk,21.192278489821664,79.02782882735546,4467,63,5,40,1,5,0,0,23,0.8824972129319956,0.5555555555555556,0.33707865168539325,0.0,1.0,0.0,0.7931034482758621,52.3,MEDIUM,"Heavy traffic volume, Unsafe speed pattern, Weather-related risk"
537,1,Kasibhai-Ganeshpeth,21.213371887585893,79.13029347519334,1422,45,4,23,2,3,0,1,5,0.20356744704570792,0.4444444444444444,0.14606741573033707,0.1111111111111111,0.6,0.0,0.1724137931034483,25.99,LOW,No major risk factors
538,1,Rural Entry T-Point,21.20195768688129,79.11648952791876,3637,39,4,82,6,4,4,0,1,0.6974358974358974,0.4444444444444444,0.8089887640449438,0.5555555555555556,0.8,0.8,0.034482758620689655,56.1,MEDIUM,"High pedestrian density, Weather-related risk"
539,1,Mayur Mangal Karyalay Chowk,21.129681772209185,79.11563827669661,2659,37,2,97,6,2,1,0,3,0.4793756967670011,0.2222222222222222,0.9775280898876404,0.5555555555555556,0.4,0.2,0.10344827586206896,43.28,MEDIUM,High pedestrian density
540,1,Mahavir Udyan Back Side,21.154065296237214,79.12671748421754,3047,38,6,86,3,3,2,0,2,0.565886287625418,0.6666666666666666,0.8539325842696629,0.2222222222222222,0.6,0.4,0.06896551724137931,53.15,MEDIUM,High pedestrian density
541,1,Keshav Dwar,21.11549912981818,79.11415359864145,3479,52,3,99,4,4,2,0,12,0.6622073578595318,0.3333333333333333,1.0,0.3333333333333333,0.8,0.4,0.41379310344827586,53.38,MEDIUM,"High pedestrian density, Weather-related risk"
542,1,Ashirwad Nagar,21.214486123271048,79.09393304824471,2781,42,2,38,2,4,0,1,2,0.506577480490524,0.2222222222222222,0.3146067415730337,0.1111111111111111,0.8,0.0,0.06896551724137931,27.87,LOW,Weather-related risk
543,1,Bandhu Nagar Chowk,21.172740956134106,79.01968673165236,3149,35,6,60,2,5,4,0,5,0.5886287625418061,0.6666666666666666,0.5617977528089888,0.1111111111111111,1.0,0.8,0.1724137931034483,52.59,MEDIUM,Weather-related risk
544,1,Gaytri Nagar,21.12743713666042,79.0048789269237,813,68,4,58,7,1,3,1,28,0.0677814938684504,0.4444444444444444,0.5393258426966292,0.6666666666666666,0.2,0.6,0.9655172413793104,46.43,MEDIUM,Unsafe speed pattern
545,1,Mahajan Complex,21.180604082128703,79.13812717717235,3113,57,3,52,1,1,1,0,17,0.5806020066889632,0.3333333333333333,0.47191011235955055,0.0,0.2,0.2,0.5862068965517241,36.55,LOW,No major risk factors
546,1,Passport Office Mankapur,21.174175388854948,79.09249754717811,3583,32,3,81,7,5,0,0,8,0.6853957636566332,0.3333333333333333,0.797752808988764,0.6666666666666666,1.0,0.0,0.27586206896551724,53.43,MEDIUM,"High pedestrian density, Weather-related risk"
547,1,Shyam Lawn Chowk,21.14297952616394,79.11948059364643,2756,50,6,96,1,5,2,1,10,0.5010033444816053,0.6666666666666666,0.9662921348314607,0.0,1.0,0.4,0.3448275862068966,54.96,MEDIUM,"High pedestrian density, Weather-related risk"
548,1,Utthan Nagar Y-Point,21.113626911063957,79.07222835272688,1537,49,4,14,6,0,5,0,9,0.22920847268673356,0.4444444444444444,0.0449438202247191,0.5555555555555556,0.0,1.0,0.3103448275862069,35.03,LOW,No major risk factors
549,1,Sharda Chowk Godhni,21.180588783471137,79.01759622834436,3989,59,2,51,3,0,5,0,19,0.7759197324414716,0.2222222222222222,0.4606741573033708,0.2222222222222222,0.0,1.0,0.6551724137931034,43.98,MEDIUM,Heavy traffic volume
550,1,Padmavati Nagar Chowk,21.162436924108455,79.01877786883038,3134,69,1,16,8,2,4,0,29,0.5852842809364549,0.1111111111111111,0.06741573033707865,0.7777777777777778,0.4,0.8,1.0,43.72,MEDIUM,"High congestion, Unsafe speed pattern"
551,1,Gorewada new,21.192678207008278,79.10283479308434,4483,23,3,51,6,2,4,1,17,0.8860646599777035,0.3333333333333333,0.4606741573033708,0.5555555555555556,0.4,0.8,0.5862068965517241,54.83,MEDIUM,Heavy traffic volume
552,1,Godhani exit,21.16241962013344,79.06454588423492,2278,67,4,45,2,2,0,0,27,0.39442586399108137,0.4444444444444444,0.39325842696629215,0.1111111111111111,0.4,0.0,0.9310344827586207,40.1,MEDIUM,Unsafe speed pattern
553,1,Behind Kamal Talkies,21.202261780038228,79.03007870900505,4395,52,5,36,8,2,3,0,12,0.8664437012263099,0.5555555555555556,0.29213483146067415,0.7777777777777778,0.4,0.6,0.41379310344827586,59.18,MEDIUM,"Heavy traffic volume, High congestion"
554,1,Panchpaoli Garden First Fatak,21.16622882065294,79.07373918201121,1624,44,6,67,5,4,2,0,4,0.24860646599777034,0.6666666666666666,0.6404494382022472,0.4444444444444444,0.8,0.4,0.13793103448275862,48.62,MEDIUM,Weather-related risk
555,1,Siddharth Nagar Buddha Park,21.167312556584246,79.00963134056127,1197,58,2,55,8,4,0,0,18,0.15340022296544037,0.2222222222222222,0.5056179775280899,0.7777777777777778,0.8,0.0,0.6206896551724138,39.19,LOW,"High congestion, Weather-related risk"
556,1,Siddharth Nagar Chowk Road Near By Chaman Giri Baba Mandir,21.205198432319,79.08729571028717,2679,48,4,75,8,0,3,1,8,0.483835005574136,0.4444444444444444,0.7303370786516854,0.7777777777777778,0.0,0.6,0.27586206896551724,51.39,MEDIUM,"High congestion, High pedestrian density"
557,1,Barse Ghat,21.14841794394549,79.04034901066527,1904,46,4,34,6,1,4,0,6,0.3110367892976589,0.4444444444444444,0.2696629213483146,0.5555555555555556,0.2,0.8,0.20689655172413793,39.0,LOW,No major risk factors
558,1,Saithan Chowk,21.116081827414078,79.11963386509558,1543,17,0,82,2,5,5,0,23,0.230546265328874,0.0,0.8089887640449438,0.1111111111111111,1.0,1.0,0.7931034482758621,36.34,LOW,"High pedestrian density, Unsafe speed pattern, Weather-related risk"
559,1,IT Park,21.1034539211576,79.04655429383854,2429,17,4,36,8,1,1,1,23,0.4280936454849498,0.4444444444444444,0.29213483146067415,0.7777777777777778,0.2,0.2,0.7931034482758621,47.87,MEDIUM,"High congestion, Unsafe speed pattern"
560,1,Mahatma Jyotibha Phule Krida Sankul,21.190616470680837,79.06828302236227,1513,42,5,10,6,3,5,0,2,0.22385730211817167,0.5555555555555556,0.0,0.5555555555555556,0.6,1.0,0.06896551724137931,38.17,LOW,No major risk factors
561,1,Baba Tajbagh Samos Ground Back Side,21.17443714616242,79.00174308098622,726,58,2,96,6,4,2,0,18,0.048383500557413604,0.2222222222222222,0.9662921348314607,0.5555555555555556,0.8,0.4,0.6206896551724138,42.67,MEDIUM,"High pedestrian density, Weather-related risk"
562,1,Sindhiban Area,21.18448957217191,79.01086703316918,2328,29,5,83,8,2,2,0,11,0.4055741360089186,0.5555555555555556,0.8202247191011236,0.7777777777777778,0.4,0.4,0.3793103448275862,56.54,MEDIUM,"High congestion, High pedestrian density"
563,1,Bada Tajbagh Y-Point,21.12555569938107,79.05887403346101,2523,55,4,51,1,2,5,0,15,0.44905239687848386,0.4444444444444444,0.4606741573033708,0.0,0.4,1.0,0.5172413793103449,41.4,MEDIUM,No major risk factors
564,1,Shyambagh Area,21.116364577070414,79.07199082520756,2952,37,5,61,2,3,5,0,3,0.5447045707915273,0.5555555555555556,0.5730337078651685,0.1111111111111111,0.6,1.0,0.10344827586206896,46.86,MEDIUM,No major risk factors
565,1,PPF Officer Quarter,21.101745359880148,79.09000308221789,2585,54,2,34,9,1,3,0,14,0.462876254180602,0.2222222222222222,0.2696629213483146,0.8888888888888888,0.2,0.6,0.4827586206896552,42.13,MEDIUM,High congestion
566,2,Lokmat Square,21.142070507056793,79.0437493868064,4783,25,2,63,8,2,0,0,15,0.9529542920847268,0.2222222222222222,0.5955056179775281,0.7777777777777778,0.4,0.0,0.5172413793103449,53.5,MEDIUM,"Heavy traffic volume, High congestion"
567,1,Waddhamna Inside Godown Area,21.170790122422556,79.10424728291898,1580,62,0,76,7,1,4,0,22,0.23879598662207357,0.0,0.7415730337078652,0.6666666666666666,0.2,0.8,0.7586206896551724,38.49,LOW,"High pedestrian density, Unsafe speed pattern"
568,1,Navnit Nagar Bus Stop,21.14706928541197,79.12901835957838,2820,46,4,15,7,5,3,0,6,0.515273132664437,0.4444444444444444,0.056179775280898875,0.6666666666666666,1.0,0.6,0.20689655172413793,44.55,MEDIUM,Weather-related risk
569,1,Waddhamna Godown Exit Point,21.15249699064285,79.116977648334,3690,68,1,67,5,3,1,0,28,0.709253065774805,0.1111111111111111,0.6404494382022472,0.4444444444444444,0.6,0.2,0.9655172413793104,47.45,MEDIUM,"Heavy traffic volume, Unsafe speed pattern"
570,1,Defence Sonegoan Nipponi,21.208499043339252,79.00594282380226,3130,50,2,79,2,1,5,0,10,0.5843924191750278,0.2222222222222222,0.7752808988764045,0.1111111111111111,0.2,1.0,0.3448275862068966,41.1,MEDIUM,High pedestrian density
571,1,Dr. Babasaheb Ambedkar Jr. College,21.141790656042797,79.07207604208867,3063,47,3,62,6,5,1,1,7,0.5694537346711259,0.3333333333333333,0.5842696629213483,0.5555555555555556,1.0,0.2,0.2413793103448276,46.9,MEDIUM,Weather-related risk
572,1,Rajabaksh Hanuman Temple,21.16167873869918,79.01573952676273,3792,38,2,75,10,1,1,0,2,0.7319955406911929,0.2222222222222222,0.7303370786516854,1.0,0.2,0.2,0.06896551724137931,49.95,MEDIUM,"Heavy traffic volume, High congestion, High pedestrian density"
573,1,TB Ward PWD Office,21.19403836152894,79.03630675237937,4086,53,2,67,3,1,3,1,13,0.7975473801560758,0.2222222222222222,0.6404494382022472,0.2222222222222222,0.2,0.6,0.4482758620689655,44.04,MEDIUM,Heavy traffic volume
574,1,Shiv Mandir,21.147585133878554,79.14799938899007,4931,48,1,91,4,2,4,0,8,0.9859531772575251,0.1111111111111111,0.9101123595505618,0.3333333333333333,0.4,0.8,0.27586206896551724,50.46,MEDIUM,"Heavy traffic volume, High pedestrian density"
575,1,TB Ward Area,21.174650404027346,79.02137433143523,3447,42,3,96,10,0,2,1,2,0.6550724637681159,0.3333333333333333,0.9662921348314607,1.0,0.0,0.4,0.06896551724137931,55.29,MEDIUM,"High congestion, High pedestrian density"
576,1,Imamwada Square,21.203483645049612,79.0748332230177,4459,51,4,11,2,4,0,1,11,0.8807134894091416,0.4444444444444444,0.011235955056179775,0.1111111111111111,0.8,0.0,0.3793103448275862,40.58,MEDIUM,"Heavy traffic volume, Weather-related risk"
577,1,Sut Girni,21.21394247483892,79.09272336014772,3313,21,6,85,2,1,2,0,19,0.6251950947603121,0.6666666666666666,0.8426966292134831,0.1111111111111111,0.2,0.4,0.6551724137931034,56.36,MEDIUM,High pedestrian density
578,1,Dental College Nagal Wadi,21.117648817711487,79.10536974558161,3083,18,3,31,8,1,4,0,22,0.5739130434782609,0.3333333333333333,0.23595505617977527,0.7777777777777778,0.2,0.8,0.7586206896551724,49.27,MEDIUM,"High congestion, Unsafe speed pattern"
579,1,Ashtvinayak Impire,21.211190515019382,79.08394730252304,661,51,2,46,8,1,2,0,11,0.0338907469342252,0.2222222222222222,0.4044943820224719,0.7777777777777778,0.2,0.4,0.3793103448275862,31.87,LOW,High congestion
580,1,Nildho Area,21.159053955169547,79.00146562711288,1093,15,3,29,10,0,5,0,25,0.1302118171683389,0.3333333333333333,0.21348314606741572,1.0,0.0,1.0,0.8620689655172413,44.43,MEDIUM,"High congestion, Unsafe speed pattern"
581,1,Rajiv Nagar Police Chowki Zenda Chowk,21.130989326595877,79.0489691962366,3759,15,1,33,6,5,5,0,25,0.7246376811594203,0.1111111111111111,0.25842696629213485,0.5555555555555556,1.0,1.0,0.8620689655172413,48.66,MEDIUM,"Heavy traffic volume, Unsafe speed pattern, Weather-related risk"
582,1,Digdho,21.15509629074859,79.07765674650771,4655,61,2,93,5,3,3,1,21,0.9244147157190635,0.2222222222222222,0.9325842696629213,0.4444444444444444,0.6,0.6,0.7241379310344828,59.05,MEDIUM,"Heavy traffic volume, High pedestrian density, Unsafe speed pattern"
583,1,Maruti Agro,21.21760390903426,79.01317997487172,3462,34,1,74,8,2,1,0,6,0.6584169453734671,0.1111111111111111,0.7191011235955056,0.7777777777777778,0.4,0.2,0.20689655172413793,44.02,MEDIUM,"High congestion, High pedestrian density"
584,1,Rakshak Nagar Gedam Layout Wanadongri,21.159114171279146,79.05259403968138,4388,33,3,74,4,0,4,0,7,0.8648829431438128,0.3333333333333333,0.7191011235955056,0.3333333333333333,0.0,0.8,0.2413793103448276,49.5,MEDIUM,"Heavy traffic volume, High pedestrian density"
585,1,Madhav Nagari,21.139450193234502,79.0049804663187,3890,43,4,90,4,5,4,0,3,0.7538461538461538,0.4444444444444444,0.898876404494382,0.3333333333333333,1.0,0.8,0.10344827586206896,56.93,MEDIUM,"Heavy traffic volume, High pedestrian density, Weather-related risk"
586,1,Ekatmata Nagar,21.176008102518008,79.01178677457325,1163,24,2,10,5,1,2,0,16,0.14581939799331103,0.2222222222222222,0.0,0.4444444444444444,0.2,0.4,0.5517241379310345,24.77,LOW,No major risk factors
587,1,Jaytala Area,21.128817474253385,79.05953849143025,1632,32,2,12,1,5,3,1,8,0.2503901895206243,0.2222222222222222,0.02247191011235955,0.0,1.0,0.6,0.27586206896551724,22.77,LOW,Weather-related risk
588,1,Esasani Shanti Nagar,21.10910359937304,79.01990736310646,1041,42,3,55,1,0,2,1,2,0.11861761426978819,0.3333333333333333,0.5056179775280899,0.0,0.0,0.4,0.06896551724137931,22.65,LOW,No major risk factors
589,1,Bajaj Steel T-Point Vimal Point,21.11546556662928,79.08513112723924,3474,49,2,64,2,0,2,0,9,0.6610925306577481,0.2222222222222222,0.6067415730337079,0.1111111111111111,0.0,0.4,0.3103448275862069,35.76,LOW,No major risk factors
590,1,Perfect Former C20 10,21.115365500674933,79.10341974537059,1367,57,2,84,8,0,4,0,17,0.19130434782608696,0.2222222222222222,0.8314606741573034,0.7777777777777778,0.0,0.8,0.5862068965517241,44.49,MEDIUM,"High congestion, High pedestrian density"
591,1,Gandhi Nissan Service T-Point,21.118228323221476,79.12008800486636,2566,61,3,97,7,3,2,0,21,0.4586399108138239,0.3333333333333333,0.9775280898876404,0.6666666666666666,0.6,0.4,0.7241379310344828,56.08,MEDIUM,"High pedestrian density, Unsafe speed pattern"
592,1,PIX Company,21.11665926071793,79.03002253663672,931,45,1,95,10,4,1,1,5,0.09409141583054627,0.1111111111111111,0.9550561797752809,1.0,0.8,0.2,0.1724137931034483,41.27,MEDIUM,"High congestion, High pedestrian density, Weather-related risk"
593,1,Koradi Mandir Maha Dwar,21.176904969376388,79.02512238733885,4778,41,6,73,9,2,2,0,1,0.9518394648829431,0.6666666666666666,0.7078651685393258,0.8888888888888888,0.4,0.4,0.034482758620689655,67.33,MEDIUM,"Heavy traffic volume, High congestion, High pedestrian density"
594,2,Koradi Lake Both sode of Highway,21.1218256101279,79.01568517605016,1706,25,2,54,5,3,1,0,15,0.26688963210702343,0.2222222222222222,0.4943820224719101,0.4444444444444444,0.6,0.2,0.5172413793103449,35.26,LOW,No major risk factors
595,1,KTPS Colony Gate No.1,21.141480073998864,79.09546453743154,3028,63,2,35,2,3,4,1,23,0.5616499442586399,0.2222222222222222,0.2808988764044944,0.1111111111111111,0.6,0.8,0.7931034482758621,38.71,LOW,Unsafe speed pattern
596,1,KTPS Colony Gate No.2,21.207614609188724,79.10597135897304,1669,63,2,86,7,4,3,0,23,0.25863991081382387,0.2222222222222222,0.8539325842696629,0.6666666666666666,0.8,0.6,0.7931034482758621,49.58,MEDIUM,"High pedestrian density, Unsafe speed pattern, Weather-related risk"
597,1,Karemore Complex Sq. To Mahadula Tpoint Left side service road 1,21.156875396831545,79.00473792172384,1330,52,4,74,8,3,5,1,12,0.1830546265328874,0.4444444444444444,0.7191011235955056,0.7777777777777778,0.6,1.0,0.41379310344827586,51.59,MEDIUM,"High congestion, High pedestrian density"
598,1,Karemore Complex Sq. To Mahadula Tpoint Left side service road 2,21.180106928622525,79.14043183693656,2151,19,1,33,7,0,1,0,21,0.3661092530657748,0.1111111111111111,0.25842696629213485,0.6666666666666666,0.0,0.2,0.7241379310344828,32.77,LOW,Unsafe speed pattern
599,1,Karemore Complex Sq. To Mahadula Tpoint Left side service road 3,21.120678384544195,79.00779569254772,1636,22,2,83,7,0,3,1,18,0.2512820512820513,0.2222222222222222,0.8202247191011236,0.6666666666666666,0.0,0.6,0.6206896551724138,43.2,MEDIUM,High pedestrian density
600,1,Srivas Nagar T-Point Devi Mandir,21.12307468225704,79.08119445029516,3310,48,4,44,5,5,3,0,8,0.624526198439242,0.4444444444444444,0.38202247191011235,0.4444444444444444,1.0,0.6,0.27586206896551724,48.98,MEDIUM,Weather-related risk
601,1,Techpost Tower City,21.104904233951977,79.10635907791763,975,62,3,33,2,1,1,0,22,0.10390189520624303,0.3333333333333333,0.25842696629213485,0.1111111111111111,0.2,0.2,0.7586206896551724,27.21,LOW,Unsafe speed pattern
602,1,Processes Sabhagruh,21.12027220756866,79.13064536856191,3310,66,3,37,6,3,4,0,26,0.624526198439242,0.3333333333333333,0.30337078651685395,0.5555555555555556,0.6,0.8,0.896551724137931,51.34,MEDIUM,Unsafe speed pattern
603,1,Shiv Shakti Nagar Chowk,21.133430840683836,79.10711303981986,1826,26,3,89,4,1,0,1,14,0.2936454849498328,0.3333333333333333,0.8876404494382022,0.3333333333333333,0.2,0.0,0.4827586206896552,40.02,MEDIUM,High pedestrian density
604,1,kharbi chowki T point,21.121241258113212,79.12025921246047,1519,52,6,25,10,2,3,0,12,0.22519509476031216,0.6666666666666666,0.16853932584269662,1.0,0.4,0.6,0.41379310344827586,51.17,MEDIUM,High congestion
605,1,Dipti Signal Railway Crossing Small Factory Area,21.110644304050847,79.05091752888143,2336,15,3,68,2,0,3,0,25,0.40735785953177256,0.3333333333333333,0.651685393258427,0.1111111111111111,0.0,0.6,0.8620689655172413,41.21,MEDIUM,Unsafe speed pattern
606,1,Sambhavnath Jain Mandir Wardhman Nagar,21.114476304532072,79.12222376706198,4756,45,3,90,9,5,4,0,5,0.9469342251950947,0.3333333333333333,0.898876404494382,0.8888888888888888,1.0,0.8,0.1724137931034483,66.48,MEDIUM,"Heavy traffic volume, High congestion, High pedestrian density, Weather-related risk"
607,1,Shastri Nagar Chowk,21.155293452163928,79.0120172269577,2948,18,1,63,7,2,4,0,22,0.5438127090301004,0.1111111111111111,0.5955056179775281,0.6666666666666666,0.4,0.8,0.7586206896551724,46.73,MEDIUM,Unsafe speed pattern
608,1,Kumbhar Toli Chowk,21.124760046208696,79.13422249840907,4793,63,2,88,6,5,2,0,23,0.9551839464882943,0.2222222222222222,0.8764044943820225,0.5555555555555556,1.0,0.4,0.7931034482758621,62.18,MEDIUM,"Heavy traffic volume, High pedestrian density, Unsafe speed pattern, Weather-related risk"
609,1,Danaganj Chowk T-Point,21.14371238332577,79.08213885642306,1783,59,4,25,5,4,4,1,19,0.28405797101449276,0.4444444444444444,0.16853932584269662,0.4444444444444444,0.8,0.8,0.6551724137931034,42.76,MEDIUM,Weather-related risk
610,1,Tipu Sultan Chowk,21.160410072502586,79.12259466549438,1159,64,3,24,3,0,3,0,24,0.14492753623188406,0.3333333333333333,0.15730337078651685,0.2222222222222222,0.0,0.6,0.8275862068965517,29.87,LOW,Unsafe speed pattern
611,1,UCO Bank,21.182847379435525,79.06784774267774,2510,19,3,20,10,2,1,0,21,0.4461538461538462,0.3333333333333333,0.11235955056179775,1.0,0.4,0.2,0.7241379310344828,45.85,MEDIUM,"High congestion, Unsafe speed pattern"
612,1,Universal Chowk,21.104717456780932,79.09653665427948,898,44,2,74,10,4,0,0,4,0.08673355629877369,0.2222222222222222,0.7191011235955056,1.0,0.8,0.0,0.13793103448275862,39.57,LOW,"High congestion, High pedestrian density, Weather-related risk"
613,1,RamSumer Baba Nagar,21.195929247869085,79.07896039914041,2233,38,3,88,4,2,2,0,2,0.38439241917502787,0.3333333333333333,0.8764044943820225,0.3333333333333333,0.4,0.4,0.06896551724137931,40.52,MEDIUM,High pedestrian density
614,1,Premnagar Shaktidham Ram Mandir,21.17534804673891,79.1097384282633,2625,17,1,99,3,5,1,0,23,0.4717948717948718,0.1111111111111111,1.0,0.2222222222222222,1.0,0.2,0.7931034482758621,45.03,MEDIUM,"High pedestrian density, Unsafe speed pattern, Weather-related risk"
615,1,Lalganj Sweeper Colony,21.109811083833865,79.0122444973046,2671,25,2,77,8,4,0,0,15,0.48205128205128206,0.2222222222222222,0.7528089887640449,0.7777777777777778,0.8,0.0,0.5172413793103449,48.44,MEDIUM,"High congestion, High pedestrian density, Weather-related risk"
616,2,Bus Stand Chowk,21.204829434892815,79.00905281259858,574,59,2,52,3,4,0,0,19,0.014492753623188406,0.2222222222222222,0.47191011235955055,0.2222222222222222,0.8,0.0,0.6551724137931034,27.92,LOW,Weather-related risk
617,1,Chawdi Chowk,21.210504688063818,79.03706548510152,3971,18,3,78,7,0,0,0,22,0.7719063545150502,0.3333333333333333,0.7640449438202247,0.6666666666666666,0.0,0.0,0.7586206896551724,54.49,MEDIUM,"Heavy traffic volume, High pedestrian density, Unsafe speed pattern"
618,1,Madan Chowk,21.107329355182586,79.02393170201698,1336,40,5,22,7,1,5,1,0,0.18439241917502788,0.5555555555555556,0.1348314606741573,0.6666666666666666,0.2,1.0,0.0,38.38,LOW,No major risk factors
619,1,Kamsari Bazar Highway T-Point,21.133225317777665,79.13076753498883,999,41,3,19,7,5,1,0,1,0.10925306577480491,0.3333333333333333,0.10112359550561797,0.6666666666666666,1.0,0.2,0.034482758620689655,30.05,LOW,Weather-related risk
620,1,Bhaji Mandi,21.196744153575168,79.03288209810371,637,60,6,84,7,5,2,0,20,0.028539576365663323,0.6666666666666666,0.8314606741573034,0.6666666666666666,1.0,0.4,0.6896551724137931,56.94,MEDIUM,"High pedestrian density, Weather-related risk"
621,1,Futana Oli Chowk,21.189791162846042,79.14637978837287,2597,68,2,91,2,4,2,1,28,0.46555183946488293,0.2222222222222222,0.9101123595505618,0.1111111111111111,0.8,0.4,0.9655172413793104,46.95,MEDIUM,"High pedestrian density, Unsafe speed pattern, Weather-related risk"
622,1,Gol Bazar Parumal Chowk,21.12214252232277,79.05053436876567,4196,57,5,50,10,4,0,1,17,0.8220735785953177,0.5555555555555556,0.449438202247191,1.0,0.8,0.0,0.5862068965517241,64.71,MEDIUM,"Heavy traffic volume, High congestion, Weather-related risk"
623,1,Warispura,21.125121918800406,79.0273176873533,2385,41,6,59,3,0,1,0,1,0.4182831661092531,0.6666666666666666,0.550561797752809,0.2222222222222222,0.0,0.2,0.034482758620689655,41.3,MEDIUM,No major risk factors
624,1,Pili Haveli,21.144456652334966,79.11845477607137,3257,56,6,96,10,1,5,0,16,0.6127090301003344,0.6666666666666666,0.9662921348314607,1.0,0.2,1.0,0.5517241379310345,73.27,HIGH,"High congestion, High pedestrian density"
625,1,Garud Chowk,21.158142758222922,79.09880616632513,4420,65,3,80,9,5,0,1,25,0.8720178372352285,0.3333333333333333,0.7865168539325843,0.8888888888888888,1.0,0.0,0.8620689655172413,66.19,MEDIUM,"Heavy traffic volume, High congestion, High pedestrian density, Unsafe speed pattern, Weather-related risk"
626,1,Shukrawari Bazar,21.174190572583637,79.07472935746797,2400,64,4,68,3,3,4,0,24,0.42162764771460426,0.4444444444444444,0.651685393258427,0.2222222222222222,0.6,0.8,0.8275862068965517,50.15,MEDIUM,Unsafe speed pattern
627,1,Goyal Chowk Talkies shukrawari bazar,21.144269636748373,79.08330453264064,3110,20,3,48,2,3,2,0,20,0.579933110367893,0.3333333333333333,0.42696629213483145,0.1111111111111111,0.6,0.4,0.6896551724137931,41.57,MEDIUM,No major risk factors
628,1,Chowadhary Hospital T-Point,21.15550416593598,79.10788026674084,4486,29,2,12,9,1,3,0,11,0.8867335562987737,0.2222222222222222,0.02247191011235955,0.8888888888888888,0.2,0.6,0.3793103448275862,45.86,MEDIUM,"Heavy traffic volume, High congestion"
629,1,Ram Mandir Chowk,21.189696512576052,79.03426821119969,1949,67,5,85,10,2,0,0,27,0.3210702341137124,0.5555555555555556,0.8426966292134831,1.0,0.4,0.0,0.9310344827586207,62.04,MEDIUM,"High congestion, High pedestrian density, Unsafe speed pattern"
630,1,Borkar Chowk,21.10440198434687,79.14945008740851,1046,44,4,16,9,0,4,0,4,0.1197324414715719,0.4444444444444444,0.06741573033707865,0.8888888888888888,0.0,0.8,0.13793103448275862,35.45,LOW,High congestion
631,1,Durga Chowk,21.130292433321284,79.14621897432201,2503,56,2,58,4,1,2,1,16,0.44459308807134895,0.2222222222222222,0.5393258426966292,0.3333333333333333,0.2,0.4,0.5517241379310345,37.17,LOW,No major risk factors
632,1,Nagsen Nagar Highway T-Point,21.185601950306147,79.09754885295204,2596,51,0,35,9,3,5,0,11,0.4653288740245262,0.0,0.2808988764044944,0.8888888888888888,0.6,1.0,0.3793103448275862,38.65,LOW,High congestion
633,1,Haidari Chowk,21.207424820522466,79.02993136763938,1203,51,0,42,3,4,1,0,11,0.15473801560758083,0.0,0.3595505617977528,0.2222222222222222,0.8,0.2,0.3793103448275862,20.61,LOW,Weather-related risk
634,1,Shastri Munch,21.16140129305388,79.10203423636469,2903,56,5,57,7,3,2,0,16,0.5337792642140469,0.5555555555555556,0.5280898876404494,0.6666666666666666,0.6,0.4,0.5517241379310345,55.78,MEDIUM,No major risk factors
635,1,Kadhar Zenda,21.16385361823184,79.01082976134687,2125,51,6,88,7,4,1,0,11,0.36031215161649943,0.6666666666666666,0.8764044943820225,0.6666666666666666,0.8,0.2,0.3793103448275862,59.15,MEDIUM,"High pedestrian density, Weather-related risk"
636,1,M.M. Rubani High School,21.112860641360776,79.00459787533087,3831,49,1,11,8,0,1,1,9,0.7406911928651059,0.1111111111111111,0.011235955056179775,0.7777777777777778,0.0,0.2,0.3103448275862069,34.09,LOW,"Heavy traffic volume, High congestion"
637,2,Kalsa Tall Chowk,21.153689484018816,79.03865243327668,3478,37,2,80,10,4,5,0,3,0.6619843924191751,0.2222222222222222,0.7865168539325843,1.0,0.8,1.0,0.10344827586206896,56.74,MEDIUM,"High congestion, High pedestrian density, Weather-related risk"
638,1,Khaparkheda T-Point,21.163914071974606,79.0693934435109,3339,20,5,41,4,1,5,1,20,0.6309921962095875,0.5555555555555556,0.34831460674157305,0.3333333333333333,0.2,1.0,0.6896551724137931,52.41,MEDIUM,No major risk factors
639,1,Moth Puliya Near Warispura Turning ,21.12909646043617,79.13024087581125,3884,18,4,13,3,4,0,0,22,0.7525083612040134,0.4444444444444444,0.033707865168539325,0.2222222222222222,0.8,0.0,0.7586206896551724,43.81,MEDIUM,"Heavy traffic volume, Unsafe speed pattern, Weather-related risk"
640,1,Altaf Hotel Chowk Ismailpura,21.132309187713926,79.10907536046494,3159,32,3,29,3,2,0,0,8,0.5908584169453734,0.3333333333333333,0.21348314606741572,0.2222222222222222,0.4,0.0,0.27586206896551724,33.11,LOW,No major risk factors
641,1,Kamptee Police Station T-Point,21.145274099572557,79.11140597818,2361,23,2,45,5,1,2,1,17,0.4129319955406912,0.2222222222222222,0.39325842696629215,0.4444444444444444,0.2,0.4,0.5862068965517241,36.35,LOW,No major risk factors
642,1,Kalmana T-Point,21.10240854373333,79.06382400016722,3356,63,0,41,1,0,5,0,23,0.6347826086956522,0.0,0.34831460674157305,0.0,0.0,1.0,0.7931034482758621,30.85,LOW,Unsafe speed pattern
643,1,Jai bhim Chowk,21.138649499869985,79.05189024888205,1185,43,4,37,10,1,4,0,3,0.15072463768115943,0.4444444444444444,0.30337078651685395,1.0,0.2,0.8,0.10344827586206896,41.93,MEDIUM,High congestion
645,1,Life Line Hospital Kalamna Road,21.125373760839587,79.05565581444769,4783,27,5,86,3,2,2,1,13,0.9529542920847268,0.5555555555555556,0.8539325842696629,0.2222222222222222,0.4,0.4,0.4482758620689655,60.35,MEDIUM,"Heavy traffic volume, High pedestrian density"
646,1,Pankaj Mangal Karyalay Chowk Ranala,21.139299682261353,79.14814743456041,2119,61,2,10,6,0,3,0,21,0.358974358974359,0.2222222222222222,0.0,0.5555555555555556,0.0,0.6,0.7241379310344828,32.42,LOW,Unsafe speed pattern
647,1,Ismailpura Masjid Chowk,21.11437145581831,79.00601637871188,1931,66,3,69,3,3,1,1,26,0.31705685618729096,0.3333333333333333,0.6629213483146067,0.2222222222222222,0.6,0.2,0.896551724137931,42.58,MEDIUM,Unsafe speed pattern
648,1,Jaistambh Chowk,21.20686327368879,79.13005472441837,1375,31,7,65,5,2,1,1,9,0.1930880713489409,0.7777777777777778,0.6179775280898876,0.4444444444444444,0.4,0.2,0.3103448275862069,49.23,MEDIUM,High incident risk
649,1,Jai bhawani Chowk,21.17123109442649,79.08680131128585,2961,59,5,44,9,0,0,0,19,0.546711259754738,0.5555555555555556,0.38202247191011235,0.8888888888888888,0.0,0.0,0.6551724137931034,53.22,MEDIUM,High congestion
650,1,Ramgarh Railway Crossing,21.18149227829734,79.06579231287844,1865,46,3,39,2,4,4,0,6,0.30234113712374583,0.3333333333333333,0.3258426966292135,0.1111111111111111,0.8,0.8,0.20689655172413793,32.67,LOW,Weather-related risk
651,1,Railway Station Chowk,21.19470054863288,79.10878864906228,1743,62,1,63,2,1,5,0,22,0.27513935340022294,0.1111111111111111,0.5955056179775281,0.1111111111111111,0.2,1.0,0.7586206896551724,33.02,LOW,Unsafe speed pattern
652,1,S.K.Porwal College Chowk,21.15981306387149,79.0730003412137,662,36,3,45,6,0,5,0,4,0.03411371237458194,0.3333333333333333,0.39325842696629215,0.5555555555555556,0.0,1.0,0.13793103448275862,31.29,LOW,No major risk factors
653,1,Dragon Palace Chowk,21.110430434570493,79.13101348571224,2474,18,4,64,6,1,0,1,22,0.43812709030100333,0.4444444444444444,0.6067415730337079,0.5555555555555556,0.2,0.0,0.7586206896551724,48.12,MEDIUM,Unsafe speed pattern
654,1,Bhoyar College T-Point,21.164452785018227,79.13510527960169,3791,19,1,98,8,4,3,1,21,0.7317725752508362,0.1111111111111111,0.9887640449438202,0.7777777777777778,0.8,0.6,0.7241379310344828,58.71,MEDIUM,"Heavy traffic volume, High congestion, High pedestrian density, Unsafe speed pattern, Weather-related risk"
655,1,Ghorpad T-Point Yashodhara Nagar,21.170420934162507,79.06325813903102,769,51,3,89,2,0,2,0,11,0.057971014492753624,0.3333333333333333,0.8876404494382022,0.1111111111111111,0.0,0.4,0.3793103448275862,31.93,LOW,High pedestrian density
656,1,Naya Nagar T-Point,21.189452736902123,79.04152416958526,1131,55,3,67,9,3,2,0,15,0.1386845039018952,0.3333333333333333,0.6404494382022472,0.8888888888888888,0.6,0.4,0.5172413793103449,45.89,MEDIUM,High congestion
657,1,Ajani Railway Crossing near ,21.151799145547564,79.088852549289,1405,63,4,92,2,2,4,0,23,0.19977703455964327,0.4444444444444444,0.9213483146067416,0.1111111111111111,0.4,0.8,0.7931034482758621,46.75,MEDIUM,"High pedestrian density, Unsafe speed pattern"
658,1,Tahsil office opp.Jail road,21.115309636335468,79.1368545018425,3971,27,1,74,1,0,0,0,13,0.7719063545150502,0.1111111111111111,0.7191011235955056,0.0,0.0,0.0,0.4482758620689655,34.04,LOW,"Heavy traffic volume, High pedestrian density"
659,1,Ranada Bhilgaon Road,21.13405310869585,79.03159932835085,3753,48,2,78,10,4,0,1,8,0.7232998885172798,0.2222222222222222,0.7640449438202247,1.0,0.8,0.0,0.27586206896551724,54.35,MEDIUM,"Heavy traffic volume, High congestion, High pedestrian density, Weather-related risk"
660,1,Dr. Ambedkar Ground,21.143569875567838,79.09344498753453,2514,59,3,60,2,0,3,0,19,0.44704570791527315,0.3333333333333333,0.5617977528089888,0.1111111111111111,0.0,0.6,0.6551724137931034,38.59,LOW,No major risk factors
661,1,Ghorpad Yerkheda Shiv Madhi Mandir Chowk,21.177510068959794,79.09473403301388,2141,36,2,31,7,1,2,1,4,0.36387959866220737,0.2222222222222222,0.23595505617977527,0.6666666666666666,0.2,0.4,0.13793103448275862,31.86,LOW,No major risk factors
662,1,Chhatrapati Shivaji Maharaj Chowk-Prabhag 16,21.168493396560272,79.10996695336229,704,67,1,97,8,5,0,0,27,0.043478260869565216,0.1111111111111111,0.9775280898876404,0.7777777777777778,1.0,0.0,0.9310344827586207,44.84,MEDIUM,"High congestion, High pedestrian density, Unsafe speed pattern, Weather-related risk"
663,1,Gaushala Kamptee,21.14273160710774,79.01973515276909,1081,37,1,62,5,0,5,1,3,0.12753623188405797,0.1111111111111111,0.5842696629213483,0.4444444444444444,0.0,1.0,0.10344827586206896,27.35,LOW,No major risk factors
664,1,Bhuraji Mandir-Prabhag 16,21.218381829855158,79.10737374470231,1340,65,3,45,6,3,4,0,25,0.18528428093645485,0.3333333333333333,0.39325842696629215,0.5555555555555556,0.6,0.8,0.8620689655172413,43.56,MEDIUM,Unsafe speed pattern
665,1,Juni Bhaji Mandi Darga,21.17269297832283,79.13635487809985,2219,17,0,77,1,0,2,0,23,0.38127090301003347,0.0,0.7528089887640449,0.0,0.0,0.4,0.7931034482758621,28.85,LOW,"High pedestrian density, Unsafe speed pattern"
666,1,Gandhi Chowk Kamptee,21.12846721500832,79.02695246633054,3143,56,3,45,6,2,3,0,16,0.5872909698996656,0.3333333333333333,0.39325842696629215,0.5555555555555556,0.4,0.6,0.5517241379310345,46.5,MEDIUM,No major risk factors
667,1,Dr.Babasaheb Ambedkar Smarak-Jaistambh Chowk,21.11221389671445,79.03563149873858,2797,48,1,61,8,0,4,1,8,0.5101449275362319,0.1111111111111111,0.5730337078651685,0.7777777777777778,0.0,0.8,0.27586206896551724,40.56,MEDIUM,High congestion
668,1,Ramgadh-Near Agrawal Company,21.11834309670212,79.14570926410624,1374,46,1,62,3,5,1,0,6,0.19286510590858416,0.1111111111111111,0.5842696629213483,0.2222222222222222,1.0,0.2,0.20689655172413793,27.36,LOW,Weather-related risk
669,1,Ravidas Nagar Corner,21.12951492740614,79.02714654290642,1189,59,7,91,1,1,5,0,19,0.1516164994425864,0.7777777777777778,0.9101123595505618,0.0,0.2,1.0,0.6551724137931034,52.57,MEDIUM,"High incident risk, High pedestrian density"
670,1,Jama Masjid Chowk,21.119281764791147,79.12815776400544,4500,65,3,59,4,0,3,0,25,0.8898550724637682,0.3333333333333333,0.550561797752809,0.3333333333333333,0.0,0.6,0.8620689655172413,52.68,MEDIUM,"Heavy traffic volume, Unsafe speed pattern"
671,1,Durga Chowk-Yerkheda,21.122388042886158,79.0738416784672,3641,63,2,89,1,3,4,0,23,0.6983277591973244,0.2222222222222222,0.8876404494382022,0.0,0.6,0.8,0.7931034482758621,48.88,MEDIUM,"High pedestrian density, Unsafe speed pattern"
672,1,Under ground Bridge T-Point,21.134211420243265,79.03708466116048,1922,35,4,50,8,4,0,0,5,0.31505016722408025,0.4444444444444444,0.449438202247191,0.7777777777777778,0.8,0.0,0.1724137931034483,43.77,MEDIUM,"High congestion, Weather-related risk"
673,1,Shivaji chowk,21.120804831435372,79.13061248519088,1171,60,4,27,5,0,1,1,20,0.147603121516165,0.4444444444444444,0.19101123595505617,0.4444444444444444,0.0,0.2,0.6896551724137931,33.71,LOW,No major risk factors
674,1,Ambedkar Chowk Hingna,21.20761185095517,79.0667957882504,1671,58,0,31,1,0,3,0,18,0.25908584169453736,0.0,0.23595505617977527,0.0,0.0,0.6,0.6206896551724138,17.93,LOW,No major risk factors
675,1,Panchwati Park,21.109628049479397,79.07722260308945,4226,35,3,75,8,2,0,0,5,0.82876254180602,0.3333333333333333,0.7303370786516854,0.7777777777777778,0.4,0.0,0.1724137931034483,52.92,MEDIUM,"Heavy traffic volume, High congestion, High pedestrian density"
676,1,Gupta Hotel,21.16294136674843,79.05388500540997,1443,58,3,30,9,3,5,0,18,0.20824972129319955,0.3333333333333333,0.2247191011235955,0.8888888888888888,0.6,1.0,0.6206896551724138,45.08,MEDIUM,High congestion
677,1,Tahsil OFC,21.14924761923876,79.08894262771524,1949,25,7,53,10,5,1,0,15,0.3210702341137124,0.7777777777777778,0.48314606741573035,1.0,1.0,0.2,0.5172413793103449,63.17,MEDIUM,"High incident risk, High congestion, Weather-related risk"
678,1,PS Main Gate,21.217885434029036,79.02452858088775,4237,53,3,56,2,4,2,0,13,0.8312151616499442,0.3333333333333333,0.5168539325842697,0.1111111111111111,0.8,0.4,0.4482758620689655,46.53,MEDIUM,"Heavy traffic volume, Weather-related risk"
679,1,Dayanand Park Chowk,21.11344466826017,79.05866223049776,3039,18,2,48,9,1,0,0,22,0.5641025641025641,0.2222222222222222,0.42696629213483145,0.8888888888888888,0.2,0.0,0.7586206896551724,46.27,MEDIUM,"High congestion, Unsafe speed pattern"
680,1,Gurunanak college,21.147742671885492,79.14541184835029,4459,65,4,38,8,0,4,0,25,0.8807134894091416,0.4444444444444444,0.3146067415730337,0.7777777777777778,0.0,0.8,0.8620689655172413,59.95,MEDIUM,"Heavy traffic volume, High congestion, Unsafe speed pattern"
681,1,Sai Mandir,21.216336451993044,79.03872001490517,4760,15,2,63,7,5,3,0,25,0.9478260869565217,0.2222222222222222,0.5955056179775281,0.6666666666666666,1.0,0.6,0.8620689655172413,61.18,MEDIUM,"Heavy traffic volume, Unsafe speed pattern, Weather-related risk"
682,1,Uppalwadi Rly Bridge,21.20386085510728,79.0985104996812,2861,42,2,99,3,4,1,1,2,0.5244147157190635,0.2222222222222222,1.0,0.2222222222222222,0.8,0.2,0.06896551724137931,41.18,MEDIUM,"High pedestrian density, Weather-related risk"
683,1,Kamptee Road Gurudwara,21.198048648513915,79.0487785096337,4152,38,3,94,2,1,0,0,2,0.8122630992196209,0.3333333333333333,0.9438202247191011,0.1111111111111111,0.2,0.0,0.06896551724137931,43.76,MEDIUM,"Heavy traffic volume, High pedestrian density"
684,1,Dayanand Park Dayanand Park Chowk,21.130948339245393,79.116020968853,4170,49,0,26,7,5,2,1,9,0.8162764771460423,0.0,0.1797752808988764,0.6666666666666666,1.0,0.4,0.3103448275862069,39.13,LOW,"Heavy traffic volume, Weather-related risk"
685,1,New Dayanand Park Sai Chanduram Chowk,21.12050651048681,79.01963104910776,2253,27,0,89,5,3,3,0,13,0.3888517279821628,0.0,0.8876404494382022,0.4444444444444444,0.6,0.6,0.4482758620689655,38.24,LOW,High pedestrian density
686,1,Bharat Mata Chowk Koradi,21.180237186390933,79.14547315676178,2852,61,3,69,6,3,3,0,21,0.5224080267558529,0.3333333333333333,0.6629213483146067,0.5555555555555556,0.6,0.6,0.7241379310344828,51.97,MEDIUM,Unsafe speed pattern
687,1,New Ajit Bekari,21.211525118695313,79.06806843120755,2438,48,4,40,4,4,0,0,8,0.43010033444816054,0.4444444444444444,0.33707865168539325,0.3333333333333333,0.8,0.0,0.27586206896551724,38.75,LOW,Weather-related risk
688,1,Devtare Chowk  Near Highmost light  Mehandibagh road  New Mangalwari,21.16681154716167,79.03540756950197,870,25,6,82,2,1,2,0,15,0.08049052396878484,0.6666666666666666,0.8089887640449438,0.1111111111111111,0.2,0.4,0.5172413793103449,43.58,MEDIUM,High pedestrian density
689,1,Taramata Chowk Near Yerkheda Grampanchayat  Yerkheda,21.16859352273639,79.0110245120995,4979,50,4,87,9,3,5,1,10,0.9966555183946488,0.4444444444444444,0.8651685393258427,0.8888888888888888,0.6,1.0,0.3448275862068966,71.03,HIGH,"Heavy traffic volume, High congestion, High pedestrian density"
690,1,Natthu Chinchulkar Panthela Near T-Point Yerkheda,21.133597491239236,79.02546368576313,2431,65,2,58,3,4,5,1,25,0.4285395763656633,0.2222222222222222,0.5393258426966292,0.2222222222222222,0.8,1.0,0.8620689655172413,44.28,MEDIUM,"Unsafe speed pattern, Weather-related risk"
691,1,Sayid Nagar  Near Natwar Balaji Mandir Ranala,21.192339151983035,79.0779660922834,924,31,2,11,7,3,1,0,9,0.09253065774804906,0.2222222222222222,0.011235955056179775,0.6666666666666666,0.6,0.2,0.3103448275862069,25.79,LOW,No major risk factors
692,1,Near Vitthal Rukhmini Mandir  juni Vasti  Ranala,21.122445249826903,79.0505504764647,1394,49,8,57,8,3,0,0,9,0.19732441471571907,0.8888888888888888,0.5280898876404494,0.7777777777777778,0.6,0.0,0.3103448275862069,56.3,MEDIUM,"High incident risk, High congestion"
693,1,Infront of Traffic Park Gate,21.13884150836851,79.12433250488239,1097,32,4,23,2,5,1,0,8,0.13110367892976588,0.4444444444444444,0.14606741573033707,0.1111111111111111,1.0,0.2,0.27586206896551724,28.57,LOW,Weather-related risk
694,1,Sugandha Sabagruha,21.15105237263397,79.06463312854927,3562,54,3,68,6,5,5,0,14,0.6807134894091416,0.3333333333333333,0.651685393258427,0.5555555555555556,1.0,1.0,0.4827586206896552,56.55,MEDIUM,Weather-related risk
695,1,Khallasi Line New Vasti,21.160913245442135,79.03730714088815,2836,36,1,67,8,3,3,0,4,0.518840579710145,0.1111111111111111,0.6404494382022472,0.7777777777777778,0.6,0.6,0.13793103448275862,42.36,MEDIUM,High congestion
696,1,Kalbhairav Mandir,21.129089167889813,79.0925717479906,2187,38,2,67,7,2,1,1,2,0.3741360089186176,0.2222222222222222,0.6404494382022472,0.6666666666666666,0.4,0.2,0.06896551724137931,37.45,LOW,No major risk factors
697,1,Tidke Layout Ranala,21.113780418968705,79.10601658253282,1072,33,1,60,3,5,2,1,7,0.12552954292084728,0.1111111111111111,0.5617977528089888,0.2222222222222222,1.0,0.4,0.2413793103448276,27.02,LOW,Weather-related risk
698,1,Ganesh Mandir Amit Thakre House Ranala,21.173274405092997,79.02505628618515,2590,51,3,93,1,1,4,1,11,0.4639910813823857,0.3333333333333333,0.9325842696629213,0.0,0.2,0.8,0.3793103448275862,42.06,MEDIUM,High pedestrian density
699,1,PNT Colony  Ranala,21.13463566638883,79.02514288244325,4169,53,4,11,6,4,5,1,13,0.8160535117056856,0.4444444444444444,0.011235955056179775,0.5555555555555556,0.8,1.0,0.4482758620689655,51.64,MEDIUM,"Heavy traffic volume, Weather-related risk"
700,1,NMC Workshop,21.169748586570716,79.00550071404002,4772,35,0,50,8,4,5,0,5,0.9505016722408027,0.0,0.449438202247191,0.7777777777777778,0.8,1.0,0.1724137931034483,48.14,MEDIUM,"Heavy traffic volume, High congestion, Weather-related risk"
701,1,Pride Bar Hudkeshwar Road,21.118523525832906,79.11046030225985,2133,22,2,92,6,1,2,0,18,0.3620958751393534,0.2222222222222222,0.9213483146067416,0.5555555555555556,0.2,0.4,0.6206896551724138,45.27,MEDIUM,High pedestrian density
702,1,Kalamana Police station,21.15773681222258,79.09957067914327,2017,42,5,91,5,1,1,0,2,0.336231884057971,0.5555555555555556,0.9101123595505618,0.4444444444444444,0.2,0.2,0.06896551724137931,46.4,MEDIUM,High pedestrian density
703,1,Chhatrapati nagar chowk,21.163910731906192,79.07119463136247,4793,19,5,25,8,1,0,0,21,0.9551839464882943,0.5555555555555556,0.16853932584269662,0.7777777777777778,0.2,0.0,0.7241379310344828,58.21,MEDIUM,"Heavy traffic volume, High congestion, Unsafe speed pattern"
704,1,Bada Nala Old Kamptee,21.106218824418693,79.12662556734539,3157,31,3,13,2,1,3,0,9,0.59041248606466,0.3333333333333333,0.033707865168539325,0.1111111111111111,0.2,0.6,0.3103448275862069,31.08,LOW,No major risk factors
705,1,Tilak Nagar Old Kamptee,21.140392513383272,79.1208505229425,4148,51,1,21,1,0,4,1,11,0.811371237458194,0.1111111111111111,0.12359550561797752,0.0,0.0,0.8,0.3793103448275862,29.21,LOW,Heavy traffic volume
706,1,Ghorpad Road New Kamptee,21.116129761232678,79.08780315465951,4088,50,3,38,1,4,0,1,10,0.7979933110367893,0.3333333333333333,0.3146067415730337,0.0,0.8,0.0,0.3448275862068966,38.13,LOW,"Heavy traffic volume, Weather-related risk"
707,1,Shitala Mata Mandir New Kamptee,21.107604996456732,79.130240692077,2037,68,2,16,4,0,0,1,28,0.3406911928651059,0.2222222222222222,0.06741573033707865,0.3333333333333333,0.0,0.0,0.9655172413793104,29.15,LOW,Unsafe speed pattern
